t_date,option_symbol,expiration_date,price_strike,call_put,exchange,style,Ask,Bid,price_open,price_high,price_low,price,iv,preiv,delta,gamma,theta,vega,rho,volume,openinterest,start_date_forward_price,option_id,comment
2008-01-24 00:00:00.0,CYYLE,2010-12-18 00:00:00.0,135.0,C,CBOE,A,22.65,21.85,21.4,22.0,21.4,22.25,0.243716,0.243716,0.610697,0.007625,-0.014435,0.845519,1.520892,12,1316,134.99,,
2008-01-24 00:00:00.0,CYYLZ,2010-12-18 00:00:00.0,130.0,C,CBOE,A,25.25,24.5,24.0,24.0,24.0,24.875,0.24968,0.24968,0.647494,0.007282,-0.014624,0.823316,1.549207,5,53,134.99,,
2008-01-25 00:00:00.0,CYYLE,2010-12-18 00:00:00.0,135.0,C,CBOE,A,21.5,20.65,,,,21.075,0.241531,0.241531,0.598262,0.007845,-0.01432,0.842722,1.49831,0,1317,134.99,,
2008-01-25 00:00:00.0,CYYLZ,2010-12-18 00:00:00.0,130.0,C,CBOE,A,24.05,23.2,25.3,25.3,25.3,23.625,0.247371,0.247371,0.635831,0.007511,-0.014543,0.82018,1.53151,10,48,134.99,,
2008-01-28 00:00:00.0,CYYLE,2010-12-18 00:00:00.0,135.0,C,CBOE,A,22.55,21.85,21.8,21.95,21.8,22.2,0.239877,0.239877,0.613594,0.007698,-0.01449,0.842474,1.548802,11,1308,134.99,,
2008-01-28 00:00:00.0,CYYLZ,2010-12-18 00:00:00.0,130.0,C,CBOE,A,25.2,24.5,24.73,24.73,24.73,24.85,0.245889,0.245889,0.65064,0.007337,-0.014678,0.819898,1.578925,1,58,134.99,,
2008-01-29 00:00:00.0,CYYLE,2010-12-18 00:00:00.0,135.0,C,CBOE,A,23.05,22.5,22.4,22.55,21.8,22.775,0.240842,0.240842,0.619996,0.007579,-0.01468,0.840891,1.573156,294,1315,134.99,,
2008-01-29 00:00:00.0,CYYLZ,2010-12-18 00:00:00.0,130.0,C,CBOE,A,25.75,25.2,,,,25.475,0.247153,0.247153,0.65655,0.007204,-0.01486,0.818016,1.600593,0,59,134.99,,
2008-01-30 00:00:00.0,CYYLE,2010-12-18 00:00:00.0,135.0,C,CBOE,A,22.4,21.75,22.7,22.7,22.0,22.075,0.23942,0.23942,0.612768,0.007718,-0.014562,0.840384,1.554479,3,1449,134.99,,
2008-01-30 00:00:00.0,CYYLZ,2010-12-18 00:00:00.0,130.0,C,CBOE,A,25.15,24.25,,,,24.7,0.245225,0.245225,0.649838,0.007361,-0.014748,0.817401,1.585376,0,59,134.99,,
2008-01-31 00:00:00.0,CYYLE,2010-12-18 00:00:00.0,135.0,C,CBOE,A,23.55,22.75,21.1,23.2,21.1,23.15,0.236932,0.236932,0.627583,0.007606,-0.014583,0.843359,1.600097,23,1334,134.99,,
2008-01-31 00:00:00.0,CYYLZ,2010-12-18 00:00:00.0,130.0,C,CBOE,A,26.2,25.45,,,,25.825,0.242208,0.242208,0.664235,0.007241,-0.014704,0.819844,1.630659,0,59,134.99,,
2008-02-01 00:00:00.0,CYYLE,2010-12-18 00:00:00.0,135.0,C,CBOE,A,24.6,24.15,23.7,24.5,23.1,24.375,0.236415,0.236415,0.641886,0.007426,-0.014675,0.852435,1.643869,20,1334,134.99,,
2008-02-01 00:00:00.0,CYYLZ,2010-12-18 00:00:00.0,130.0,C,CBOE,A,27.4,26.9,26.4,26.4,26.4,27.15,0.242085,0.242085,0.677866,0.007041,-0.014777,0.822424,1.669784,10,59,134.99,,
2008-02-04 00:00:00.0,CYYLE,2010-12-18 00:00:00.0,135.0,C,CBOE,A,23.9,23.6,24.25,24.25,23.8,23.75,0.241702,0.241702,0.631043,0.007435,-0.014813,0.849355,1.595298,303,1350,134.99,,
2008-02-04 00:00:00.0,CYYLZ,2010-12-18 00:00:00.0,130.0,C,CBOE,A,26.65,26.1,26.45,26.45,26.45,26.375,0.246349,0.246349,0.666914,0.007096,-0.014896,0.819098,1.622012,1,69,134.99,,
2008-02-05 00:00:00.0,CYYLE,2010-12-18 00:00:00.0,135.0,C,CBOE,A,21.8,21.1,22.0,22.26,21.65,21.45,0.243377,0.243377,0.601679,0.007785,-0.014331,0.841604,1.476359,2107,1300,134.99,,
2008-02-05 00:00:00.0,CYYLZ,2010-12-18 00:00:00.0,130.0,C,CBOE,A,24.4,23.65,,,,24.025,0.249213,0.249213,0.639032,0.00745,-0.014535,0.819742,1.50986,0,70,134.99,,
2008-02-06 00:00:00.0,CYYLE,2010-12-18 00:00:00.0,135.0,C,CBOE,A,21.3,20.7,21.5,22.02,20.85,21.0,0.245346,0.245346,0.59478,0.007821,-0.014335,0.840018,1.450052,37,2824,134.99,,
2008-02-06 00:00:00.0,CYYLZ,2010-12-18 00:00:00.0,130.0,C,CBOE,A,23.85,23.25,,,,23.55,0.251422,0.251422,0.632264,0.007491,-0.014565,0.818169,1.484007,0,70,134.99,,
2008-02-07 00:00:00.0,CYYLE,2010-12-18 00:00:00.0,135.0,C,CBOE,A,22.05,21.4,20.73,21.3,20.73,21.724998,0.248158,0.248158,0.601744,0.007653,-0.014512,0.839465,1.461192,12,2850,134.99,,
2008-02-07 00:00:00.0,CYYLZ,2010-12-18 00:00:00.0,130.0,C,CBOE,A,24.65,24.0,24.05,24.05,24.05,24.325,0.254521,0.254521,0.638581,0.007314,-0.014729,0.818166,1.492584,5,70,134.99,,
2008-02-08 00:00:00.0,CYYLE,2010-12-18 00:00:00.0,135.0,C,CBOE,A,21.4,20.75,21.5,21.5,21.15,21.075,0.245529,0.245529,0.595838,0.007801,-0.014413,0.838423,1.455472,25,2861,134.99,,
2008-02-08 00:00:00.0,CYYLZ,2010-12-18 00:00:00.0,130.0,C,CBOE,A,23.95,23.25,24.05,24.05,24.05,23.6,0.25127,0.25127,0.633163,0.007478,-0.014629,0.81602,1.489574,20,73,134.99,,
2008-02-11 00:00:00.0,CYYLE,2010-12-18 00:00:00.0,135.0,C,CBOE,A,21.65,21.1,21.3,21.62,20.87,21.375,0.246061,0.246061,0.59916,0.007754,-0.014429,0.838461,1.454231,108,2868,134.99,,
2008-02-11 00:00:00.0,CYYLZ,2010-12-18 00:00:00.0,130.0,C,CBOE,A,24.2,23.7,,,,23.95,0.252149,0.252149,0.636435,0.007421,-0.014648,0.817315,1.486634,0,93,134.99,,
2008-02-12 00:00:00.0,CYYLE,2010-12-18 00:00:00.0,135.0,C,CBOE,A,22.65,22.0,22.95,22.95,22.1,22.325,0.246813,0.246813,0.610622,0.00758,-0.014723,0.836794,1.496718,10,2888,134.99,,
2008-02-12 00:00:00.0,CYYLZ,2010-12-18 00:00:00.0,130.0,C,CBOE,A,25.2,24.6,24.3,24.3,24.3,24.900002,0.252303,0.252303,0.647016,0.007251,-0.014887,0.815496,1.528759,20,93,134.99,,
2008-02-13 00:00:00.0,CYYLE,2010-12-18 00:00:00.0,135.0,C,CBOE,A,23.35,22.75,,,,23.05,0.247229,0.247229,0.618831,0.007468,-0.014783,0.8382,1.513871,0,2884,134.99,,
2008-02-13 00:00:00.0,CYYLZ,2010-12-18 00:00:00.0,130.0,C,CBOE,A,26.05,25.4,25.6,25.6,25.6,25.724998,0.253319,0.253319,0.655017,0.007118,-0.014947,0.817524,1.540607,10,113,134.99,,
2008-02-14 00:00:00.0,CYYLE,2010-12-18 00:00:00.0,135.0,C,CBOE,A,22.65,22.1,,,,22.375,0.246727,0.246727,0.611336,0.007575,-0.014727,0.836494,1.496571,0,2884,134.99,,
2008-02-14 00:00:00.0,CYYLZ,2010-12-18 00:00:00.0,130.0,C,CBOE,A,25.35,24.7,25.49,25.49,25.49,25.025002,0.25305,0.25305,0.647893,0.007222,-0.01492,0.815193,1.525512,3,123,134.99,,
2008-02-15 00:00:00.0,CYYLE,2010-12-18 00:00:00.0,135.0,C,CBOE,A,22.7,22.1,21.9,22.27,21.9,22.400002,0.247109,0.247109,0.611482,0.007565,-0.014765,0.83569,1.495719,34,2884,134.99,,
2008-02-15 00:00:00.0,CYYLZ,2010-12-18 00:00:00.0,130.0,C,CBOE,A,25.3,24.7,,,,25.0,0.25284,0.25284,0.647901,0.00723,-0.014937,0.814484,1.526269,0,116,134.99,,
2008-02-19 00:00:00.0,CYYLE,2010-12-18 00:00:00.0,135.0,C,CBOE,A,22.95,22.5,23.45,23.45,22.4,22.725,0.247682,0.247682,0.615369,0.007502,-0.014937,0.832754,1.509775,33,2905,134.99,,
2008-02-19 00:00:00.0,CYYLZ,2010-12-18 00:00:00.0,130.0,C,CBOE,A,25.55,25.1,26.1,26.1,25.0,25.325,0.253233,0.253233,0.651471,0.007167,-0.015092,0.811469,1.540413,26,116,134.99,,
2008-02-20 00:00:00.0,CYYLE,2010-12-18 00:00:00.0,135.0,C,CBOE,A,23.05,22.45,21.58,21.85,21.58,22.75,0.243038,0.243038,0.619632,0.007571,-0.014969,0.831613,1.546586,114,2935,134.99,,
2008-02-20 00:00:00.0,CYYLZ,2010-12-18 00:00:00.0,130.0,C,CBOE,A,25.7,25.2,,,,25.45,0.249459,0.249459,0.656052,0.007191,-0.015148,0.808887,1.576568,0,142,134.99,,
2008-02-21 00:00:00.0,CYYLE,2010-12-18 00:00:00.0,135.0,C,CBOE,A,21.75,21.25,21.83,21.83,21.78,21.5,0.238103,0.238103,0.607954,0.00788,-0.014559,0.833619,1.514329,2,3028,134.99,,
2008-02-21 00:00:00.0,CYYLZ,2010-12-18 00:00:00.0,130.0,C,CBOE,A,24.45,23.85,25.55,25.6,24.25,24.150002,0.244337,0.244337,0.645729,0.007504,-0.014768,0.810968,1.548221,167,132,134.99,,
2008-02-22 00:00:00.0,CYYLE,2010-12-18 00:00:00.0,135.0,C,CBOE,A,22.25,21.65,,,,21.95,0.238543,0.238543,0.613144,0.007803,-0.014607,0.833739,1.525418,0,3029,134.99,,
2008-02-22 00:00:00.0,CYYLZ,2010-12-18 00:00:00.0,130.0,C,CBOE,A,24.75,24.35,23.5,23.5,22.9,24.55,0.243812,0.243812,0.650535,0.007452,-0.014768,0.811571,1.560132,2,269,134.99,,
2008-02-25 00:00:00.0,CYYLE,2010-12-18 00:00:00.0,135.0,C,CBOE,A,23.3,22.75,21.8,22.05,21.8,23.025,0.236189,0.236189,0.628929,0.007653,-0.014948,0.82961,1.597507,2,3029,134.99,,
2008-02-25 00:00:00.0,CYYLZ,2010-12-18 00:00:00.0,130.0,C,CBOE,A,26.05,25.5,24.75,24.75,24.65,25.775,0.242372,0.242372,0.665669,0.007246,-0.015098,0.806053,1.628764,30,271,134.99,,
2008-02-26 00:00:00.0,CYYLE,2010-12-18 00:00:00.0,135.0,C,CBOE,A,23.6,23.15,,,,23.375,0.233921,0.233921,0.634901,0.007644,-0.014903,0.838633,1.622825,0,3030,134.99,,
2008-02-26 00:00:00.0,CYYLZ,2010-12-18 00:00:00.0,130.0,C,CBOE,A,26.4,25.95,26.56,26.56,26.56,26.175,0.240305,0.240305,0.671659,0.007223,-0.015051,0.807643,1.652472,1,271,134.99,,
2008-02-27 00:00:00.0,CYYLE,2010-12-18 00:00:00.0,135.0,C,CBOE,A,23.3,22.8,,,,23.05,0.233349,0.233349,0.631357,0.007725,-0.014737,0.840494,1.602211,0,3030,134.99,,
2008-02-27 00:00:00.0,CYYLZ,2010-12-18 00:00:00.0,130.0,C,CBOE,A,26.05,25.55,25.75,25.75,25.75,25.8,0.239182,0.239182,0.668603,0.007324,-0.014877,0.810337,1.632,3,262,134.99,,
2008-02-28 00:00:00.0,CYYLE,2010-12-18 00:00:00.0,135.0,C,CBOE,A,22.35,21.85,22.09,22.09,22.09,22.1,0.232088,0.232088,0.620766,0.007909,-0.014548,0.832215,1.566351,1,3030,134.99,,
2008-02-28 00:00:00.0,CYYLZ,2010-12-18 00:00:00.0,130.0,C,CBOE,A,25.05,24.5,,,,24.775,0.237506,0.237506,0.658742,0.007523,-0.014699,0.809595,1.600522,0,262,134.99,,
2008-02-29 00:00:00.0,CYYLE,2010-12-18 00:00:00.0,135.0,C,CBOE,A,20.35,19.85,21.06,21.06,19.71,20.1,0.234894,0.234894,0.591984,0.008224,-0.014002,0.835994,1.439669,37,3031,134.99,,
2008-02-29 00:00:00.0,CYYLZ,2010-12-18 00:00:00.0,130.0,C,CBOE,A,22.9,22.4,24.0,24.0,22.95,22.65,0.240387,0.240387,0.631454,0.007885,-0.014229,0.81386,1.475,25,262,134.99,,
2008-03-03 00:00:00.0,CYYLE,2010-12-18 00:00:00.0,135.0,C,CBOE,A,20.0,19.8,19.5,19.72,19.5,19.9,0.235337,0.235337,0.589184,0.008258,-0.013998,0.834864,1.425377,3,3056,134.99,,
2008-03-03 00:00:00.0,CYYLZ,2010-12-18 00:00:00.0,130.0,C,CBOE,A,22.6,22.35,22.2,22.2,22.2,22.475,0.241318,0.241318,0.628837,0.007906,-0.01425,0.812562,1.460704,1,287,134.99,,
2008-03-04 00:00:00.0,CYYLE,2010-12-18 00:00:00.0,135.0,C,CBOE,A,19.9,19.5,19.38,19.38,19.38,19.7,0.237714,0.237714,0.584581,0.008249,-0.013968,0.834152,1.39815,5,3058,134.99,,
2008-03-04 00:00:00.0,CYYLZ,2010-12-18 00:00:00.0,130.0,C,CBOE,A,22.45,22.0,21.5,21.5,21.5,22.225,0.243411,0.243411,0.62411,0.007919,-0.014215,0.811018,1.43349,1,288,134.99,,
2008-03-05 00:00:00.0,CYYLE,2010-12-18 00:00:00.0,135.0,C,CBOE,A,20.4,20.0,20.2,20.4,20.2,20.2,0.23563,0.23563,0.593236,0.008192,-0.014143,0.832956,1.4423,9,3058,134.99,,
2008-03-05 00:00:00.0,CYYLZ,2010-12-18 00:00:00.0,130.0,C,CBOE,A,23.0,22.55,,,,22.775,0.241445,0.241445,0.632497,0.007838,-0.014376,0.810879,1.478782,0,289,134.99,,
2008-03-06 00:00:00.0,CYYLE,2010-12-18 00:00:00.0,135.0,C,CBOE,A,18.9,18.5,19.05,19.2,18.9,18.7,0.236711,0.236711,0.57155,0.008419,-0.013858,0.815404,1.367081,4,3048,134.99,,
2008-03-06 00:00:00.0,CYYLZ,2010-12-18 00:00:00.0,130.0,C,CBOE,A,21.4,20.95,21.19,21.19,21.19,21.175,0.242626,0.242626,0.611678,0.008093,-0.014151,0.800928,1.408007,10,268,134.99,,
2008-03-07 00:00:00.0,CYYLE,2010-12-18 00:00:00.0,135.0,C,CBOE,A,18.0,17.8,17.81,17.89,17.0,17.9,0.23714,0.23714,0.55947,0.00855,-0.013646,0.814907,1.324069,116,3051,134.99,,
2008-03-07 00:00:00.0,CYYLZ,2010-12-18 00:00:00.0,130.0,C,CBOE,A,20.45,19.9,20.4,20.4,19.85,20.175,0.241261,0.241261,0.599587,0.008306,-0.013904,0.801064,1.369868,11,278,134.99,,
2008-03-10 00:00:00.0,CYYLE,2010-12-18 00:00:00.0,135.0,C,CBOE,A,17.05,16.7,17.2,17.2,17.2,16.875,0.23771,0.23771,0.543664,0.008723,-0.013388,0.811919,1.26582,60,3039,134.99,,
2008-03-10 00:00:00.0,CYYLZ,2010-12-18 00:00:00.0,130.0,C,CBOE,A,19.4,19.0,20.2,20.2,19.45,19.2,0.243316,0.243316,0.584922,0.008452,-0.013737,0.795405,1.309232,14,289,134.99,,
2008-03-11 00:00:00.0,CYYLE,2010-12-18 00:00:00.0,135.0,C,CBOE,A,20.1,19.75,17.75,17.75,17.75,19.925,0.241662,0.241662,0.585498,0.008124,-0.014297,0.821684,1.390763,20,3055,134.99,,
2008-03-11 00:00:00.0,CYYLZ,2010-12-18 00:00:00.0,130.0,C,CBOE,A,22.65,22.25,20.65,20.65,20.65,22.45,0.247541,0.247541,0.624379,0.007789,-0.014544,0.799165,1.427519,1,302,134.99,,
2008-03-12 00:00:00.0,CYYLE,2010-12-18 00:00:00.0,135.0,C,CBOE,A,19.15,18.75,18.95,18.95,18.93,18.95,0.239367,0.239367,0.57348,0.008336,-0.013982,0.81354,1.354564,11,3055,134.99,,
2008-03-12 00:00:00.0,CYYLZ,2010-12-18 00:00:00.0,130.0,C,CBOE,A,21.6,21.2,,,,21.400002,0.244909,0.244909,0.61319,0.008025,-0.014251,0.79955,1.39461,0,303,134.99,,
2008-03-13 00:00:00.0,CYYLE,2010-12-18 00:00:00.0,135.0,C,CBOE,A,19.85,19.4,18.65,19.7,18.65,19.625,0.248668,0.248668,0.575744,0.008047,-0.014172,0.812022,1.322416,263,3066,134.99,,
2008-03-13 00:00:00.0,CYYLZ,2010-12-18 00:00:00.0,130.0,C,CBOE,A,22.35,21.85,,,,22.1,0.254625,0.254625,0.614405,0.007746,-0.014438,0.799769,1.357626,0,303,134.99,,
2008-03-14 00:00:00.0,CYYLE,2010-12-18 00:00:00.0,135.0,C,CBOE,A,18.6,18.0,18.54,18.6,18.2,18.3,0.247171,0.247171,0.558065,0.008291,-0.013806,0.811164,1.270457,19,3328,134.99,,
2008-03-14 00:00:00.0,CYYLZ,2010-12-18 00:00:00.0,130.0,C,CBOE,A,21.0,20.35,20.65,21.0,20.07,20.675,0.252895,0.252895,0.597607,0.00802,-0.014111,0.798714,1.309635,195,303,134.99,,
2008-03-17 00:00:00.0,CYYLE,2010-12-18 00:00:00.0,135.0,C,CBOE,A,17.4,16.8,16.5,16.7,16.5,17.099998,0.244227,0.244227,0.542074,0.008567,-0.01336,0.810843,1.221806,43,3343,134.99,,
2008-03-17 00:00:00.0,CYYLZ,2010-12-18 00:00:00.0,130.0,C,CBOE,A,19.5,19.1,16.75,19.65,16.75,19.3,0.248464,0.248464,0.582297,0.008371,-0.013653,0.798567,1.265732,87,425,134.99,,
2008-03-18 00:00:00.0,CYYLE,2010-12-18 00:00:00.0,135.0,C,CBOE,A,20.05,19.35,18.6,18.6,18.45,19.7,0.23981,0.23981,0.58327,0.008257,-0.013869,0.831533,1.349701,171,3340,134.99,,
2008-03-18 00:00:00.0,CYYLZ,2010-12-18 00:00:00.0,130.0,C,CBOE,A,22.6,21.95,20.8,21.35,20.8,22.275002,0.246055,0.246055,0.623177,0.007923,-0.014138,0.811071,1.384865,6,399,134.99,,
2008-03-19 00:00:00.0,CYYLE,2010-12-18 00:00:00.0,135.0,C,CBOE,A,18.45,17.85,20.2,20.2,19.9,18.150002,0.243757,0.243757,0.558228,0.008416,-0.013614,0.812197,1.265438,81,3418,134.99,,
2008-03-19 00:00:00.0,CYYLZ,2010-12-18 00:00:00.0,130.0,C,CBOE,A,20.9,20.3,22.4,22.4,21.95,20.599998,0.250117,0.250117,0.598685,0.00812,-0.013946,0.799328,1.30502,101,377,134.99,,
2008-03-20 00:00:00.0,CYYLE,2010-12-18 00:00:00.0,135.0,C,CBOE,A,20.15,19.4,19.75,19.75,19.75,19.775,0.236066,0.236066,0.58424,0.008137,-0.013762,0.827246,1.450514,25,3252,134.99,,
2008-03-20 00:00:00.0,CYYLZ,2010-12-18 00:00:00.0,130.0,C,CBOE,A,22.75,22.0,20.55,21.9,20.35,22.375,0.242485,0.242485,0.623505,0.007761,-0.013996,0.806697,1.494201,147,363,134.99,,
2008-03-24 00:00:00.0,CYYLE,2010-12-18 00:00:00.0,135.0,C,CBOE,A,21.9,21.4,21.92,22.15,21.92,21.65,0.239396,0.239396,0.604167,0.007609,-0.014118,0.815828,1.607819,9,3227,134.99,,
2008-03-24 00:00:00.0,CYYLZ,2010-12-18 00:00:00.0,130.0,C,CBOE,A,24.55,24.05,23.55,24.73,23.55,24.3,0.245471,0.245471,0.640805,0.0072,-0.014224,0.794295,1.663879,125,453,134.99,,
2008-03-25 00:00:00.0,CYYLE,2010-12-18 00:00:00.0,135.0,C,CBOE,A,21.9,21.35,,,,21.625,0.237041,0.237041,0.608518,0.007806,-0.014289,0.823887,1.533299,0,3231,134.99,,
2008-03-25 00:00:00.0,CYYLZ,2010-12-18 00:00:00.0,130.0,C,CBOE,A,24.55,23.95,24.39,24.39,24.39,24.25,0.242405,0.242405,0.646224,0.007433,-0.014419,0.802767,1.575251,1,349,134.99,,
2008-03-26 00:00:00.0,CYYLE,2010-12-18 00:00:00.0,135.0,C,CBOE,A,21.2,20.8,20.85,21.08,20.85,21.0,0.241913,0.241913,0.59662,0.007815,-0.014274,0.822453,1.476235,2,3231,134.99,,
2008-03-26 00:00:00.0,CYYLZ,2010-12-18 00:00:00.0,130.0,C,CBOE,A,23.75,23.35,,,,23.55,0.247279,0.247279,0.63428,0.007471,-0.014432,0.801972,1.518844,0,350,134.99,,
2008-03-27 00:00:00.0,CYYLE,2010-12-18 00:00:00.0,135.0,C,CBOE,A,20.45,19.95,20.85,20.85,20.25,20.2,0.235482,0.235482,0.591217,0.00808,-0.013988,0.823249,1.477483,7,3232,134.99,,
2008-03-27 00:00:00.0,CYYLZ,2010-12-18 00:00:00.0,130.0,C,CBOE,A,23.0,22.5,23.45,23.45,23.45,22.75,0.240882,0.240882,0.630047,0.007722,-0.014168,0.802134,1.52324,36,350,134.99,,
2008-03-28 00:00:00.0,CYYLE,2010-12-18 00:00:00.0,135.0,C,CBOE,A,19.5,19.05,20.4,20.4,19.46,19.275,0.233066,0.233066,0.58081,0.008295,-0.013806,0.822555,1.450987,9,3232,134.99,,
2008-03-28 00:00:00.0,CYYLZ,2010-12-18 00:00:00.0,130.0,C,CBOE,A,22.0,21.55,,,,21.775,0.238369,0.238369,0.620482,0.007945,-0.014014,0.800858,1.500273,0,386,134.99,,
2008-03-31 00:00:00.0,CYYLE,2010-12-18 00:00:00.0,135.0,C,CBOE,A,19.4,19.1,19.3,19.3,19.3,19.25,0.231823,0.231823,0.57889,0.008182,-0.013545,0.814964,1.531982,14,3241,134.99,,
2008-03-31 00:00:00.0,CYYLZ,2010-12-18 00:00:00.0,130.0,C,CBOE,A,21.9,21.6,21.8,21.8,21.8,21.75,0.237163,0.237163,0.617902,0.007799,-0.013703,0.792457,1.5972,10,386,134.99,,
2008-04-01 00:00:00.0,CYYLE,2010-12-18 00:00:00.0,135.0,C,CBOE,A,22.5,21.8,20.5,20.5,20.5,22.15,0.233544,0.233544,0.618258,0.007809,-0.014241,0.832251,1.565021,1,3253,134.99,,
2008-04-01 00:00:00.0,CYYLZ,2010-12-18 00:00:00.0,130.0,C,CBOE,A,25.05,24.5,23.9,23.9,23.9,24.775,0.238092,0.238092,0.65613,0.007442,-0.014317,0.803803,1.607105,60,386,134.99,,
2008-04-02 00:00:00.0,CYYLE,2010-12-18 00:00:00.0,135.0,C,CBOE,A,22.7,22.25,22.45,22.85,22.35,22.475,0.231388,0.231388,0.625335,0.007777,-0.014571,0.825107,1.60734,40,3253,134.99,,
2008-04-02 00:00:00.0,CYYLZ,2010-12-18 00:00:00.0,130.0,C,CBOE,A,25.4,24.9,25.0,25.45,25.0,25.15,0.236295,0.236295,0.662834,0.007376,-0.014647,0.795173,1.652219,722,386,134.99,,
2008-04-03 00:00:00.0,CYYLE,2010-12-18 00:00:00.0,135.0,C,CBOE,A,22.95,22.5,22.0,23.1,22.0,22.725,0.232748,0.232748,0.627039,0.007711,-0.014602,0.825563,1.607575,229,3255,134.99,,
2008-04-03 00:00:00.0,CYYLZ,2010-12-18 00:00:00.0,130.0,C,CBOE,A,25.65,25.2,24.7,25.45,24.65,25.425,0.237886,0.237886,0.664309,0.007308,-0.01468,0.796051,1.650156,1744,1088,134.99,,
2008-04-04 00:00:00.0,CYYLE,2010-12-18 00:00:00.0,135.0,C,CBOE,A,22.45,22.0,22.09,22.4,22.03,22.225,0.22944,0.22944,0.623619,0.007869,-0.014371,0.827236,1.601852,105,3449,134.99,,
2008-04-04 00:00:00.0,CYYLZ,2010-12-18 00:00:00.0,130.0,C,CBOE,A,25.15,24.65,24.78,25.5,24.78,24.9,0.234242,0.234242,0.661637,0.007468,-0.014449,0.797577,1.646381,1536,2796,134.99,,
2008-04-07 00:00:00.0,CYYLE,2010-12-18 00:00:00.0,135.0,C,CBOE,A,22.2,21.8,22.78,23.05,22.55,22.0,0.225734,0.225734,0.624577,0.007985,-0.014325,0.825069,1.613782,321,3468,134.99,,
2008-04-07 00:00:00.0,CYYLZ,2010-12-18 00:00:00.0,130.0,C,CBOE,A,24.9,24.5,25.53,25.59,25.53,24.7,0.230653,0.230653,0.663049,0.007563,-0.014406,0.794923,1.660442,20,4290,134.99,,
2008-04-08 00:00:00.0,CYYLE,2010-12-18 00:00:00.0,135.0,C,CBOE,A,22.2,21.7,21.55,21.75,21.55,21.95,0.226994,0.226994,0.622784,0.007973,-0.014321,0.825391,1.601575,5,3473,134.99,,
2008-04-08 00:00:00.0,CYYLZ,2010-12-18 00:00:00.0,130.0,C,CBOE,A,24.9,24.4,,,,24.65,0.232041,0.232041,0.661238,0.007554,-0.014411,0.795581,1.646958,0,4310,134.99,,
2008-04-09 00:00:00.0,CYYLE,2010-12-18 00:00:00.0,135.0,C,CBOE,A,21.3,20.9,21.4,21.45,20.73,21.099998,0.225822,0.225822,0.612709,0.008156,-0.014076,0.819247,1.563973,145,3475,134.99,,
2008-04-09 00:00:00.0,CYYLZ,2010-12-18 00:00:00.0,130.0,C,CBOE,A,24.0,23.5,24.05,24.05,23.58,23.75,0.230735,0.230735,0.651996,0.007751,-0.014189,0.797155,1.611348,148,4310,134.99,,
2008-04-10 00:00:00.0,CYYLE,2010-12-18 00:00:00.0,135.0,C,CBOE,A,21.45,21.05,21.45,21.45,21.45,21.25,0.226786,0.226786,0.613823,0.008111,-0.014112,0.819094,1.563659,2,3494,134.99,,
2008-04-10 00:00:00.0,CYYLZ,2010-12-18 00:00:00.0,130.0,C,CBOE,A,24.15,23.7,24.05,24.05,24.05,23.925,0.231961,0.231961,0.65295,0.0077,-0.014231,0.797362,1.609454,10,4421,134.99,,
2008-04-11 00:00:00.0,CYYLE,2010-12-18 00:00:00.0,135.0,C,CBOE,A,19.85,19.4,20.1,20.1,19.55,19.625,0.226291,0.226291,0.592245,0.00841,-0.013813,0.819044,1.49161,131,3496,134.99,,
2008-04-11 00:00:00.0,CYYLZ,2010-12-18 00:00:00.0,130.0,C,CBOE,A,22.4,21.95,22.9,22.9,22.9,22.175,0.231161,0.231161,0.632521,0.008034,-0.013979,0.796944,1.542764,20,4413,134.99,,
2008-04-14 00:00:00.0,CYYLE,2010-12-18 00:00:00.0,135.0,C,CBOE,A,19.6,19.2,19.1,19.1,19.1,19.400002,0.227333,0.227333,0.588438,0.008434,-0.01382,0.817717,1.473655,5,3462,134.99,,
2008-04-14 00:00:00.0,CYYLZ,2010-12-18 00:00:00.0,130.0,C,CBOE,A,22.15,21.75,,,,21.95,0.232458,0.232458,0.628821,0.008056,-0.014005,0.795785,1.52457,0,4433,134.99,,
2008-04-15 00:00:00.0,CYYLE,2010-12-18 00:00:00.0,135.0,C,CBOE,A,20.1,19.55,19.85,19.85,19.45,19.825,0.228778,0.228778,0.593567,0.008324,-0.014039,0.81514,1.488309,667,3462,134.99,,
2008-04-15 00:00:00.0,CYYLZ,2010-12-18 00:00:00.0,130.0,C,CBOE,A,22.65,22.1,,,,22.375,0.233741,0.233741,0.633379,0.007946,-0.014205,0.79286,1.539355,0,4433,134.99,,
2008-04-16 00:00:00.0,CYYLE,2010-12-18 00:00:00.0,135.0,C,CBOE,A,22.15,21.6,20.6,21.05,20.6,21.875,0.224674,0.224674,0.625179,0.008041,-0.01447,0.819434,1.610113,24,3737,134.99,,
2008-04-16 00:00:00.0,CYYLZ,2010-12-18 00:00:00.0,130.0,C,CBOE,A,24.9,24.3,23.35,23.61,23.35,24.599998,0.229869,0.229869,0.6638,0.007599,-0.014561,0.788521,1.657879,10,4433,134.99,,
2008-04-17 00:00:00.0,CYYLE,2010-12-18 00:00:00.0,135.0,C,CBOE,A,22.35,22.0,21.85,21.85,21.8,22.175,0.223382,0.223382,0.631106,0.008008,-0.014707,0.814276,1.632896,23,3761,134.99,,
2008-04-17 00:00:00.0,CYYLZ,2010-12-18 00:00:00.0,130.0,C,CBOE,A,25.05,24.7,24.15,24.4,24.15,24.875,0.228011,0.228011,0.669427,0.007566,-0.014764,0.782138,1.684121,21,4443,134.99,,
2008-04-18 00:00:00.0,CYYLE,2010-12-18 00:00:00.0,135.0,C,CBOE,A,23.4,22.65,23.24,23.5,23.24,23.025,0.218796,0.218796,0.647091,0.007942,-0.014965,0.807452,1.693003,3,3741,134.99,,
2008-04-18 00:00:00.0,CYYLZ,2010-12-18 00:00:00.0,130.0,C,CBOE,A,26.15,25.4,26.1,26.2,26.1,25.775,0.223089,0.223089,0.685036,0.007469,-0.014974,0.774062,1.745535,11,4462,134.99,,
2008-04-21 00:00:00.0,CYYLE,2010-12-18 00:00:00.0,135.0,C,CBOE,A,23.1,22.75,22.9,23.0,22.65,22.925,0.22101,0.22101,0.642985,0.007921,-0.014812,0.810991,1.67333,116,3740,134.99,,
2008-04-21 00:00:00.0,CYYLZ,2010-12-18 00:00:00.0,130.0,C,CBOE,A,25.9,25.6,,,,25.75,0.226437,0.226437,0.680871,0.007432,-0.014866,0.778924,1.720849,0,4466,134.99,,
2008-04-22 00:00:00.0,CYYLE,2010-12-18 00:00:00.0,135.0,C,CBOE,A,22.8,22.4,22.5,22.5,22.4,22.599998,0.221725,0.221725,0.638509,0.007971,-0.014812,0.810721,1.654572,104,3740,134.99,,
2008-04-22 00:00:00.0,CYYLZ,2010-12-18 00:00:00.0,130.0,C,CBOE,A,25.5,25.2,25.3,25.35,25.2,25.35,0.226491,0.226491,0.676666,0.007507,-0.014855,0.778485,1.704859,1263,4466,134.99,,
2008-04-23 00:00:00.0,CYYLE,2010-12-18 00:00:00.0,135.0,C,CBOE,A,22.75,22.3,22.6,22.6,22.6,22.525,0.222351,0.222351,0.637196,0.007975,-0.014849,0.810003,1.646675,2,3799,134.99,,
2008-04-23 00:00:00.0,CYYLZ,2010-12-18 00:00:00.0,130.0,C,CBOE,A,25.5,25.05,25.25,25.25,25.25,25.275,0.227234,0.227234,0.675337,0.007511,-0.014899,0.777833,1.696746,3,5653,134.99,,
2008-04-24 00:00:00.0,CYYLE,2010-12-18 00:00:00.0,135.0,C,CBOE,A,23.45,22.85,22.5,22.5,22.5,23.150002,0.223347,0.223347,0.644518,0.007841,-0.015103,0.806355,1.664693,10,3797,134.99,,
2008-04-24 00:00:00.0,CYYLZ,2010-12-18 00:00:00.0,130.0,C,CBOE,A,26.2,25.6,25.95,26.25,25.95,25.900002,0.227933,0.227933,0.682031,0.00738,-0.015123,0.77429,1.714769,20,5653,134.99,,
2008-04-25 00:00:00.0,CYYLE,2010-12-18 00:00:00.0,135.0,C,CBOE,A,23.8,23.3,,,,23.55,0.216269,0.216269,0.657019,0.007908,-0.01512,0.801706,1.720732,0,3807,134.99,,
2008-04-25 00:00:00.0,CYYLZ,2010-12-18 00:00:00.0,130.0,C,CBOE,A,26.65,26.15,,,,26.4,0.221188,0.221188,0.694677,0.007391,-0.015126,0.768065,1.770602,0,5641,134.99,,
2008-04-28 00:00:00.0,CYYLE,2010-12-18 00:00:00.0,135.0,C,CBOE,A,23.4,23.0,23.7,23.7,23.7,23.2,0.213472,0.213472,0.655605,0.008035,-0.014948,0.802054,1.721193,5,3807,134.99,,
2008-04-28 00:00:00.0,CYYLZ,2010-12-18 00:00:00.0,130.0,C,CBOE,A,26.25,25.85,26.35,26.7,26.35,26.05,0.218294,0.218294,0.693874,0.007509,-0.014956,0.768192,1.772932,11,5641,134.99,,
2008-04-29 00:00:00.0,CYYLE,2010-12-18 00:00:00.0,135.0,C,CBOE,A,23.0,22.65,23.0,23.0,22.75,22.825,0.215113,0.215113,0.648901,0.008076,-0.014836,0.80458,1.695269,651,3812,134.99,,
2008-04-29 00:00:00.0,CYYLZ,2010-12-18 00:00:00.0,130.0,C,CBOE,A,25.8,25.45,,,,25.625,0.219668,0.219668,0.687475,0.007574,-0.01485,0.771585,1.748123,0,5643,134.99,,
2008-04-30 00:00:00.0,CYYLE,2010-12-18 00:00:00.0,135.0,C,CBOE,A,22.3,21.85,,,,22.075,0.211769,0.211769,0.643297,0.008299,-0.014707,0.804139,1.682435,0,3604,134.99,,
2008-04-30 00:00:00.0,CYYLZ,2010-12-18 00:00:00.0,130.0,C,CBOE,A,25.1,24.65,,,,24.875,0.216527,0.216527,0.682716,0.007776,-0.014749,0.770017,1.737649,0,5643,134.99,,
2008-05-01 00:00:00.0,CYYLE,2010-12-18 00:00:00.0,135.0,C,CBOE,A,23.9,23.45,23.35,23.35,23.35,23.675,0.21138,0.21138,0.663118,0.007993,-0.014776,0.803569,1.756936,3,3604,134.99,,
2008-05-01 00:00:00.0,CYYLZ,2010-12-18 00:00:00.0,130.0,C,CBOE,A,26.8,26.35,,,,26.575,0.216033,0.216033,0.701419,0.007457,-0.014751,0.762871,1.8053,0,5643,134.99,,
2008-05-02 00:00:00.0,CYYLE,2010-12-18 00:00:00.0,135.0,C,CBOE,A,24.25,23.9,24.2,24.2,24.2,24.075,0.209588,0.209588,0.670814,0.00795,-0.015015,0.797343,1.778963,10,3604,134.99,,
2008-05-02 00:00:00.0,CYYLZ,2010-12-18 00:00:00.0,130.0,C,CBOE,A,27.25,26.8,27.7,27.7,26.5,27.025,0.2145,0.2145,0.708651,0.007384,-0.014981,0.755742,1.828056,6,5643,134.99,,
2008-05-05 00:00:00.0,CYYLE,2010-12-18 00:00:00.0,135.0,C,CBOE,A,23.7,23.35,23.65,23.65,23.65,23.525002,0.209455,0.209455,0.664578,0.008069,-0.014935,0.797932,1.751848,100,3594,134.99,,
2008-05-05 00:00:00.0,CYYLZ,2010-12-18 00:00:00.0,130.0,C,CBOE,A,26.6,26.25,26.55,26.6,26.55,26.425,0.214172,0.214172,0.70304,0.007515,-0.014917,0.761546,1.80681,102,5647,134.99,,
2008-05-06 00:00:00.0,CYYLE,2010-12-18 00:00:00.0,135.0,C,CBOE,A,24.55,24.2,22.85,22.85,22.85,24.375,0.211092,0.211092,0.672498,0.007865,-0.01501,0.797694,1.777521,100,3588,134.99,,
2008-05-06 00:00:00.0,CYYLZ,2010-12-18 00:00:00.0,130.0,C,CBOE,A,27.45,27.05,25.8,27.1,25.8,27.25,0.214894,0.214894,0.710421,0.00734,-0.014928,0.756563,1.829058,104,5638,134.99,,
2008-05-07 00:00:00.0,CYYLE,2010-12-18 00:00:00.0,135.0,C,CBOE,A,22.9,22.45,,,,22.675,0.21092,0.21092,0.652268,0.008209,-0.014793,0.800617,1.70527,0,3688,134.99,,
2008-05-07 00:00:00.0,CYYLZ,2010-12-18 00:00:00.0,130.0,C,CBOE,A,25.75,25.25,25.54,25.54,25.54,25.5,0.2154,0.2154,0.69144,0.007682,-0.0148,0.766792,1.759751,1,5642,134.99,,
2008-05-08 00:00:00.0,CYYLE,2010-12-18 00:00:00.0,135.0,C,CBOE,A,22.55,22.2,,,,22.375,0.210287,0.210287,0.64925,0.008286,-0.014741,0.800723,1.695216,0,3688,134.99,,
2008-05-08 00:00:00.0,CYYLZ,2010-12-18 00:00:00.0,130.0,C,CBOE,A,25.4,25.05,25.15,25.75,25.05,25.224998,0.215233,0.215233,0.68864,0.007742,-0.014773,0.766854,1.749147,30,5641,134.99,,
2008-05-09 00:00:00.0,CYYLE,2010-12-18 00:00:00.0,135.0,C,CBOE,A,22.5,21.95,22.14,22.14,22.06,22.225,0.209837,0.209837,0.648155,0.008329,-0.014772,0.799351,1.690189,32,3688,134.99,,
2008-05-09 00:00:00.0,CYYLZ,2010-12-18 00:00:00.0,130.0,C,CBOE,A,25.2,24.75,25.2,25.2,24.95,24.975,0.213549,0.213549,0.68794,0.007822,-0.014766,0.764961,1.748904,36,5648,134.99,,
2008-05-12 00:00:00.0,CYYLE,2010-12-18 00:00:00.0,135.0,C,CBOE,A,23.45,23.05,,,,23.25,0.214477,0.214477,0.655359,0.008034,-0.014814,0.802091,1.703154,0,3704,134.99,,
2008-05-12 00:00:00.0,CYYLZ,2010-12-18 00:00:00.0,130.0,C,CBOE,A,26.3,25.95,25.1,25.5,25.1,26.125,0.219421,0.219421,0.693888,0.007511,-0.014821,0.7702,1.752535,5,5663,134.99,,
2008-05-13 00:00:00.0,CYYLE,2010-12-18 00:00:00.0,135.0,C,CBOE,A,23.8,23.5,,,,23.65,0.219719,0.219719,0.654833,0.007855,-0.014997,0.802788,1.686606,0,3704,134.99,,
2008-05-13 00:00:00.0,CYYLZ,2010-12-18 00:00:00.0,130.0,C,CBOE,A,26.75,26.4,,,,26.575,0.225527,0.225527,0.69248,0.007332,-0.015028,0.771476,1.730534,0,5660,134.99,,
2008-05-14 00:00:00.0,CYYLE,2010-12-18 00:00:00.0,135.0,C,CBOE,A,24.1,23.8,24.5,24.5,24.5,23.95,0.220577,0.220577,0.657853,0.007786,-0.015117,0.80115,1.692412,1,3704,134.99,,
2008-05-14 00:00:00.0,CYYLZ,2010-12-18 00:00:00.0,130.0,C,CBOE,A,27.0,26.65,27.05,27.8,27.05,26.825,0.225616,0.225616,0.695316,0.007285,-0.015111,0.769903,1.738151,11,5660,134.99,,
2008-05-15 00:00:00.0,CYYLE,2010-12-18 00:00:00.0,135.0,C,CBOE,A,24.95,24.55,24.15,24.75,24.15,24.75,0.212634,0.212634,0.676163,0.007779,-0.015211,0.793179,1.770759,2,3697,134.99,,
2008-05-15 00:00:00.0,CYYLZ,2010-12-18 00:00:00.0,130.0,C,CBOE,A,27.9,27.5,27.4,27.4,27.4,27.7,0.217264,0.217264,0.713482,0.00723,-0.015144,0.752591,1.817938,3,5671,134.99,,
2008-05-16 00:00:00.0,CYYLE,2010-12-18 00:00:00.0,135.0,C,CBOE,A,25.2,24.85,24.75,24.75,24.75,25.025002,0.212553,0.212553,0.680153,0.007728,-0.015414,0.788999,1.778532,10,3696,134.99,,
2008-05-16 00:00:00.0,CYYLZ,2010-12-18 00:00:00.0,130.0,C,CBOE,A,28.2,27.85,27.9,27.9,27.9,28.025002,0.217718,0.217718,0.716948,0.007157,-0.015356,0.748223,1.823829,3,5674,134.99,,
2008-05-19 00:00:00.0,CYYLE,2010-12-18 00:00:00.0,135.0,C,CBOE,A,25.3,25.05,25.2,25.83,25.2,25.175,0.212247,0.212247,0.682269,0.007708,-0.015407,0.788062,1.78301,7,3695,134.99,,
2008-05-19 00:00:00.0,CYYLZ,2010-12-18 00:00:00.0,130.0,C,CBOE,A,28.25,28.05,27.8,28.0,27.8,28.15,0.216896,0.216896,0.719191,0.007149,-0.015324,0.747255,1.82959,21,5677,134.99,,
2008-05-20 00:00:00.0,CYYLE,2010-12-18 00:00:00.0,135.0,C,CBOE,A,24.6,24.35,24.5,24.5,24.5,24.475,0.21697,0.21697,0.668587,0.00776,-0.015251,0.794697,1.730191,2,3695,134.99,,
2008-05-20 00:00:00.0,CYYLZ,2010-12-18 00:00:00.0,130.0,C,CBOE,A,27.5,27.25,,,,27.375,0.2215,0.2215,0.705945,0.00724,-0.015195,0.75477,1.777535,0,5677,134.99,,
2008-05-21 00:00:00.0,CYYLE,2010-12-18 00:00:00.0,135.0,C,CBOE,A,23.4,23.15,24.25,24.45,23.3,23.275,0.220925,0.220925,0.650695,0.007914,-0.015262,0.795891,1.655171,19,3697,134.99,,
2008-05-21 00:00:00.0,CYYLZ,2010-12-18 00:00:00.0,130.0,C,CBOE,A,26.3,26.0,,,,26.15,0.22651,0.22651,0.688463,0.007396,-0.015297,0.763765,1.702202,0,5677,134.99,,
2008-05-22 00:00:00.0,CYYLE,2010-12-18 00:00:00.0,135.0,C,CBOE,A,23.65,23.35,,,,23.5,0.225094,0.225094,0.649051,0.007794,-0.015325,0.797517,1.639416,0,3693,134.99,,
2008-05-22 00:00:00.0,CYYLZ,2010-12-18 00:00:00.0,130.0,C,CBOE,A,26.45,26.25,,,,26.35,0.230558,0.230558,0.686413,0.007301,-0.015354,0.766544,1.684994,0,5674,134.99,,
2008-05-23 00:00:00.0,CYYLE,2010-12-18 00:00:00.0,135.0,C,CBOE,A,22.35,22.1,23.0,23.0,22.4,22.225,0.224277,0.224277,0.634407,0.008051,-0.015135,0.798465,1.591946,6,3693,134.99,,
2008-05-23 00:00:00.0,CYYLZ,2010-12-18 00:00:00.0,130.0,C,CBOE,A,25.15,24.85,,,,25.0,0.229606,0.229606,0.672856,0.00757,-0.015203,0.766898,1.641485,0,5674,134.99,,
2008-05-27 00:00:00.0,CYYLE,2010-12-18 00:00:00.0,135.0,C,CBOE,A,23.2,22.95,,,,23.075,0.227558,0.227558,0.64206,0.007835,-0.01537,0.79637,1.602889,0,3695,134.99,,
2008-05-27 00:00:00.0,CYYLZ,2010-12-18 00:00:00.0,130.0,C,CBOE,A,26.05,25.75,25.3,25.3,25.3,25.9,0.233199,0.233199,0.679599,0.007352,-0.015423,0.765734,1.648415,5,5674,134.99,,
2008-05-28 00:00:00.0,CYYLE,2010-12-18 00:00:00.0,135.0,C,CBOE,A,23.8,23.5,23.05,23.25,23.05,23.65,0.227235,0.227235,0.650045,0.007739,-0.015618,0.792377,1.625416,11,3695,134.99,,
2008-05-28 00:00:00.0,CYYLZ,2010-12-18 00:00:00.0,130.0,C,CBOE,A,26.65,26.35,25.9,25.9,25.9,26.5,0.232814,0.232814,0.687061,0.007246,-0.015647,0.760914,1.670288,260,5679,134.99,,
2008-05-29 00:00:00.0,CYYLE,2010-12-18 00:00:00.0,135.0,C,CBOE,A,24.1,23.9,23.65,23.65,23.65,24.0,0.224813,0.224813,0.657019,0.007724,-0.015704,0.789437,1.650587,1,3694,134.99,,
2008-05-29 00:00:00.0,CYYLZ,2010-12-18 00:00:00.0,130.0,C,CBOE,A,27.0,26.8,,,,26.9,0.230583,0.230583,0.693845,0.007207,-0.015722,0.757885,1.69493,0,5679,134.99,,
2008-05-30 00:00:00.0,CYYLE,2010-12-18 00:00:00.0,135.0,C,CBOE,A,24.2,23.9,,,,24.05,0.220463,0.220463,0.662728,0.0078,-0.015761,0.785367,1.67437,0,3694,134.99,,
2008-05-30 00:00:00.0,CYYLZ,2010-12-18 00:00:00.0,130.0,C,CBOE,A,27.1,26.75,,,,26.925,0.22548,0.22548,0.699902,0.007277,-0.015745,0.752426,1.722108,0,5679,134.99,,
2008-06-02 00:00:00.0,CYYLE,2010-12-18 00:00:00.0,135.0,C,CBOE,A,23.15,22.85,,,,23.0,0.216264,0.216264,0.655695,0.0081,-0.015759,0.781726,1.649207,0,3694,134.99,,
2008-06-02 00:00:00.0,CYYLZ,2010-12-18 00:00:00.0,130.0,C,CBOE,A,26.05,25.7,,,,25.875,0.22166,0.22166,0.693855,0.007543,-0.015787,0.747047,1.699621,0,5679,134.99,,
2008-06-03 00:00:00.0,CYYLE,2010-12-18 00:00:00.0,135.0,C,CBOE,A,22.65,22.35,,,,22.5,0.219937,0.219937,0.644913,0.008118,-0.015573,0.78638,1.611204,0,3694,134.99,,
2008-06-03 00:00:00.0,CYYLZ,2010-12-18 00:00:00.0,130.0,C,CBOE,A,25.5,25.15,25.8,25.8,25.8,25.325,0.225322,0.225322,0.683335,0.007592,-0.015623,0.752839,1.662056,1,5679,134.99,,
2008-06-04 00:00:00.0,CYYLE,2010-12-18 00:00:00.0,135.0,C,CBOE,A,22.85,22.6,22.9,22.9,22.78,22.725,0.224884,0.224884,0.642531,0.007974,-0.015647,0.78787,1.593114,3,3694,134.99,,
2008-06-04 00:00:00.0,CYYLZ,2010-12-18 00:00:00.0,130.0,C,CBOE,A,25.7,25.4,25.03,25.03,25.03,25.55,0.230567,0.230567,0.680395,0.007466,-0.015707,0.755441,1.641298,160,5679,134.99,,
2008-06-05 00:00:00.0,CYYLE,2010-12-18 00:00:00.0,135.0,C,CBOE,A,24.75,24.45,23.99,24.35,23.99,24.6,0.225892,0.225892,0.664067,0.00761,-0.015978,0.784473,1.659023,4,3691,134.99,,
2008-06-05 00:00:00.0,CYYLZ,2010-12-18 00:00:00.0,130.0,C,CBOE,A,27.65,27.3,,,,27.474998,0.230967,0.230967,0.700505,0.007107,-0.01595,0.752617,1.703904,0,5669,134.99,,
2008-06-06 00:00:00.0,CYYLE,2010-12-18 00:00:00.0,135.0,C,CBOE,A,22.05,21.7,22.4,22.4,22.15,21.875,0.230788,0.230788,0.626186,0.00802,-0.015544,0.790907,1.531213,4,3691,134.99,,
2008-06-06 00:00:00.0,CYYLZ,2010-12-18 00:00:00.0,130.0,C,CBOE,A,24.75,24.4,26.5,26.5,25.0,24.575,0.235964,0.235964,0.664407,0.007568,-0.015626,0.759486,1.577913,108,5669,134.99,,
2008-06-09 00:00:00.0,CYYLE,2010-12-18 00:00:00.0,135.0,C,CBOE,A,22.8,22.45,22.5,22.73,21.9,22.625,0.236145,0.236145,0.63152,0.007787,-0.015949,0.787108,1.525312,31,3691,134.99,,
2008-06-09 00:00:00.0,CYYLZ,2010-12-18 00:00:00.0,130.0,C,CBOE,A,25.55,25.2,25.3,25.37,24.8,25.375,0.241986,0.241986,0.668637,0.007329,-0.016035,0.756071,1.571025,116,5569,134.99,,
2008-06-10 00:00:00.0,CYYLE,2010-12-18 00:00:00.0,135.0,C,CBOE,A,22.55,22.25,22.25,22.7,22.25,22.4,0.239205,0.239205,0.626196,0.007773,-0.015981,0.780824,1.500657,21,3690,134.99,,
2008-06-10 00:00:00.0,CYYLZ,2010-12-18 00:00:00.0,130.0,C,CBOE,A,25.3,25.0,25.15,25.5,24.91,25.15,0.245481,0.245481,0.663254,0.007318,-0.016095,0.756675,1.542484,90,5680,134.99,,
2008-06-11 00:00:00.0,CYYLE,2010-12-18 00:00:00.0,135.0,C,CBOE,A,21.05,20.75,21.55,21.55,21.2,20.9,0.232393,0.232393,0.613938,0.008185,-0.015766,0.777694,1.467671,3,3711,134.99,,
2008-06-11 00:00:00.0,CYYLZ,2010-12-18 00:00:00.0,130.0,C,CBOE,A,23.7,23.35,23.85,23.85,23.85,23.525002,0.237666,0.237666,0.652551,0.007743,-0.015897,0.752695,1.52033,65,5690,134.99,,
2008-06-12 00:00:00.0,CYYLE,2010-12-18 00:00:00.0,135.0,C,CBOE,A,21.55,21.25,22.0,22.15,21.7,21.4,0.231213,0.231213,0.622878,0.008133,-0.016097,0.773304,1.489133,98,3712,134.99,,
2008-06-12 00:00:00.0,CYYLZ,2010-12-18 00:00:00.0,130.0,C,CBOE,A,24.2,23.95,24.5,24.5,24.5,24.075,0.23672,0.23672,0.661098,0.007664,-0.016217,0.747282,1.54054,90,5755,134.99,,
2008-06-13 00:00:00.0,CYYLE,2010-12-18 00:00:00.0,135.0,C,CBOE,A,22.35,22.05,,,,22.2,0.228174,0.228174,0.636192,0.008051,-0.016209,0.772301,1.540898,0,3754,134.99,,
2008-06-13 00:00:00.0,CYYLZ,2010-12-18 00:00:00.0,130.0,C,CBOE,A,25.1,24.8,24.3,24.3,24.3,24.95,0.233735,0.233735,0.674075,0.007554,-0.016294,0.744874,1.591553,65,5845,134.99,,
2008-06-16 00:00:00.0,CYYLE,2010-12-18 00:00:00.0,135.0,C,CBOE,A,22.15,21.85,22.2,22.5,22.2,22.0,0.22374,0.22374,0.638779,0.008195,-0.01623,0.770173,1.550443,17,3754,134.99,,
2008-06-16 00:00:00.0,CYYLZ,2010-12-18 00:00:00.0,130.0,C,CBOE,A,24.95,24.65,25.1,25.1,25.1,24.8,0.229671,0.229671,0.677116,0.00766,-0.016327,0.740968,1.600337,100,5780,134.99,,
2008-06-17 00:00:00.0,CYYLE,2010-12-18 00:00:00.0,135.0,C,CBOE,A,21.4,21.15,22.3,22.3,21.3,21.275,0.219977,0.219977,0.633019,0.008421,-0.016012,0.769137,1.534576,5,3758,134.99,,
2008-06-17 00:00:00.0,CYYLZ,2010-12-18 00:00:00.0,130.0,C,CBOE,A,24.2,23.9,24.37,24.37,24.37,24.05,0.225801,0.225801,0.67232,0.007878,-0.016133,0.741137,1.587943,5,5880,134.99,,
2008-06-18 00:00:00.0,CYYLE,2010-12-18 00:00:00.0,135.0,C,CBOE,A,20.45,20.35,20.3,20.5,20.3,20.400002,0.217194,0.217194,0.624771,0.008676,-0.015942,0.769213,1.508117,23,3763,134.99,,
2008-06-18 00:00:00.0,CYYLZ,2010-12-18 00:00:00.0,130.0,C,CBOE,A,23.1,22.85,23.25,23.3,23.15,22.975,0.220758,0.220758,0.665287,0.008203,-0.016025,0.739486,1.56966,22,5885,134.99,,
2008-06-19 00:00:00.0,CYYLE,2010-12-18 00:00:00.0,135.0,C,CBOE,A,20.6,20.3,20.25,20.55,20.2,20.45,0.212744,0.212744,0.629739,0.00877,-0.015794,0.768796,1.534497,22,3731,134.99,,
2008-06-19 00:00:00.0,CYYLZ,2010-12-18 00:00:00.0,130.0,C,CBOE,A,23.3,23.0,23.0,23.0,23.0,23.15,0.217471,0.217471,0.67059,0.00823,-0.015905,0.738833,1.594343,5,5905,134.99,,
2008-06-20 00:00:00.0,CYYLE,2010-12-18 00:00:00.0,135.0,C,CBOE,A,19.2,18.9,19.5,19.55,19.0,19.05,0.221759,0.221759,0.600843,0.008763,-0.015465,0.767256,1.410198,105,3728,134.99,,
2008-06-20 00:00:00.0,CYYLZ,2010-12-18 00:00:00.0,130.0,C,CBOE,A,21.8,21.5,22.3,22.32,21.75,21.65,0.227135,0.227135,0.641634,0.008357,-0.015744,0.7473,1.489707,263,5910,134.99,,
2008-06-23 00:00:00.0,CYYLE,2010-12-18 00:00:00.0,135.0,C,CBOE,A,19.2,18.95,19.1,19.1,19.1,19.075,0.223047,0.223047,0.600083,0.008813,-0.015642,0.769307,1.425647,2,3731,134.99,,
2008-06-23 00:00:00.0,CYYLZ,2010-12-18 00:00:00.0,130.0,C,CBOE,A,21.8,21.55,21.69,21.8,21.69,21.675,0.228546,0.228546,0.641109,0.00833,-0.01585,0.745619,1.480269,51,5874,134.99,,
2008-06-24 00:00:00.0,CYYLE,2010-12-18 00:00:00.0,135.0,C,CBOE,A,18.75,18.5,18.35,19.05,18.35,18.625,0.221074,0.221074,0.594738,0.008945,-0.015389,0.760529,1.409762,7,3733,134.99,,
2008-06-24 00:00:00.0,CYYLZ,2010-12-18 00:00:00.0,130.0,C,CBOE,A,21.35,21.1,21.45,21.8,20.9,21.225,0.226885,0.226885,0.63642,0.008458,-0.015631,0.747684,1.475424,532,5880,134.99,,
2008-06-25 00:00:00.0,CYYLE,2010-12-18 00:00:00.0,135.0,C,CBOE,A,18.75,18.5,19.5,19.5,18.8,18.625,0.215439,0.215439,0.601174,0.009026,-0.015303,0.766356,1.417402,21,3738,134.99,,
2008-06-25 00:00:00.0,CYYLZ,2010-12-18 00:00:00.0,130.0,C,CBOE,A,21.35,21.1,22.09,22.09,22.09,21.225,0.220485,0.220485,0.643016,0.0086,-0.015573,0.745113,1.501541,10,5880,134.99,,
2008-06-26 00:00:00.0,CYYLE,2010-12-18 00:00:00.0,135.0,C,CBOE,A,16.6,16.35,16.9,16.9,16.5,16.475,0.214577,0.214577,0.567514,0.009576,-0.014817,0.765906,1.337985,11,3741,134.99,,
2008-06-26 00:00:00.0,CYYLZ,2010-12-18 00:00:00.0,130.0,C,CBOE,A,19.1,18.8,20.35,20.35,19.2,18.95,0.219962,0.219962,0.611747,0.009111,-0.015135,0.743011,1.406162,70,5826,134.99,,
2008-06-27 00:00:00.0,CYYLE,2010-12-18 00:00:00.0,135.0,C,CBOE,A,16.15,15.8,16.75,16.75,15.65,15.975,0.213128,0.213128,0.561259,0.009656,-0.014623,0.755209,1.295921,54,3741,134.99,,
2008-06-27 00:00:00.0,CYYLZ,2010-12-18 00:00:00.0,130.0,C,CBOE,A,18.65,18.3,19.23,19.23,18.5,18.474998,0.219274,0.219274,0.605631,0.009241,-0.015055,0.743696,1.388166,6,5826,134.99,,
2008-06-30 00:00:00.0,CYYLE,2010-12-18 00:00:00.0,135.0,C,CBOE,A,16.25,15.9,16.0,16.0,16.0,16.075,0.215239,0.215239,0.559378,0.00963,-0.01454,0.766885,1.316713,1,3783,134.99,,
2008-06-30 00:00:00.0,CYYLZ,2010-12-18 00:00:00.0,130.0,C,CBOE,A,18.75,18.35,18.2,18.8,18.2,18.55,0.220961,0.220961,0.604099,0.009171,-0.014884,0.745214,1.382749,19,5874,134.99,,
2008-07-01 00:00:00.0,CYYLE,2010-12-18 00:00:00.0,135.0,C,CBOE,A,16.35,16.05,15.11,15.46,15.0,16.2,0.221456,0.221456,0.553388,0.009389,-0.014205,0.769286,1.290726,15,3783,134.99,,
2008-07-01 00:00:00.0,CYYLZ,2010-12-18 00:00:00.0,130.0,C,CBOE,A,18.85,18.55,17.9,18.2,17.15,18.7,0.227864,0.227864,0.5977,0.008957,-0.014569,0.751325,1.353068,13,5881,134.99,,
2008-07-02 00:00:00.0,CYYLE,2010-12-18 00:00:00.0,135.0,C,CBOE,A,15.2,14.95,15.1,15.1,15.1,15.075,0.216621,0.216621,0.540166,0.009777,-0.01418,0.746618,1.253238,24,3782,134.99,,
2008-07-02 00:00:00.0,CYYLZ,2010-12-18 00:00:00.0,130.0,C,CBOE,A,17.65,17.3,18.37,18.5,18.37,17.474998,0.22271,0.22271,0.585626,0.009358,-0.014598,0.733191,1.323007,8,5878,134.99,,
2008-07-03 00:00:00.0,CYYLE,2010-12-18 00:00:00.0,135.0,C,CBOE,A,15.15,14.85,,,,15.0,0.214897,0.214897,0.540459,0.009849,-0.014138,0.746806,1.256658,0,3776,134.99,,
2008-07-03 00:00:00.0,CYYLZ,2010-12-18 00:00:00.0,130.0,C,CBOE,A,17.5,17.15,17.4,17.4,17.4,17.325,0.219868,0.219868,0.585968,0.00947,-0.014518,0.733286,1.328941,5,5833,134.99,,
2008-07-07 00:00:00.0,CYYLE,2010-12-18 00:00:00.0,135.0,C,CBOE,A,14.3,14.0,15.3,15.3,13.81,14.15,0.213434,0.213434,0.52641,0.010075,-0.013878,0.74819,1.215415,2,3776,134.99,,
2008-07-07 00:00:00.0,CYYLZ,2010-12-18 00:00:00.0,130.0,C,CBOE,A,16.6,16.3,17.95,17.95,16.01,16.45,0.21873,0.21873,0.572961,0.009701,-0.01431,0.733933,1.289676,14,5833,134.99,,
2008-07-08 00:00:00.0,CYYLE,2010-12-18 00:00:00.0,135.0,C,CBOE,A,15.2,14.9,,,,15.049999,0.210535,0.210535,0.5457,0.009993,-0.014092,0.745616,1.276818,0,3775,134.99,,
2008-07-08 00:00:00.0,CYYLZ,2010-12-18 00:00:00.0,130.0,C,CBOE,A,17.65,17.3,16.25,16.65,16.25,17.474998,0.216357,0.216357,0.592115,0.00955,-0.014498,0.745286,1.35628,221,5835,134.99,,
2008-07-09 00:00:00.0,CYYLE,2010-12-18 00:00:00.0,135.0,C,CBOE,A,13.85,13.55,,,,13.700001,0.209812,0.209812,0.521145,0.010291,-0.013669,0.749893,1.206746,0,3775,134.99,,
2008-07-09 00:00:00.0,CYYLZ,2010-12-18 00:00:00.0,130.0,C,CBOE,A,16.15,15.85,16.95,16.95,16.79,16.0,0.215184,0.215184,0.568714,0.00991,-0.014122,0.734898,1.28344,6,6036,134.99,,
2008-07-10 00:00:00.0,CYYLE,2010-12-18 00:00:00.0,135.0,C,CBOE,A,14.25,14.0,13.6,13.65,13.6,14.125,0.213621,0.213621,0.525312,0.010068,-0.013771,0.747506,1.211518,23,3775,134.99,,
2008-07-10 00:00:00.0,CYYLZ,2010-12-18 00:00:00.0,130.0,C,CBOE,A,16.6,16.3,15.8,15.95,15.8,16.45,0.21925,0.21925,0.572085,0.009686,-0.014214,0.734031,1.28492,24,5937,134.99,,
2008-07-11 00:00:00.0,CYYLE,2010-12-18 00:00:00.0,135.0,C,CBOE,A,13.8,13.5,13.5,13.5,13.5,13.65,0.21805,0.21805,0.512475,0.010018,-0.013678,0.747139,1.169591,20,3774,134.99,,
2008-07-11 00:00:00.0,CYYLZ,2010-12-18 00:00:00.0,130.0,C,CBOE,A,16.1,15.75,15.75,16.6,15.35,15.925,0.223879,0.223879,0.559061,0.009669,-0.014153,0.734475,1.238207,50,5938,134.99,,
2008-07-14 00:00:00.0,CYYLE,2010-12-18 00:00:00.0,135.0,C,CBOE,A,12.9,12.85,,,,12.875,0.216861,0.216861,0.497815,0.01019,-0.013312,0.719364,1.122998,0,3774,134.99,,
2008-07-14 00:00:00.0,CYYLZ,2010-12-18 00:00:00.0,130.0,C,CBOE,A,15.35,15.1,16.6,16.6,15.67,15.225,0.224893,0.224893,0.546045,0.009795,-0.01393,0.733955,1.202305,6,5972,134.99,,
2008-07-15 00:00:00.0,CYYLE,2010-12-18 00:00:00.0,135.0,C,CBOE,A,12.25,11.95,12.3,12.3,12.3,12.1,0.217872,0.217872,0.480989,0.010285,-0.013029,0.720606,1.073674,3,3774,134.99,,
2008-07-15 00:00:00.0,CYYLZ,2010-12-18 00:00:00.0,130.0,C,CBOE,A,14.35,14.1,14.43,15.0,14.43,14.225,0.223711,0.223711,0.528678,0.010025,-0.013598,0.715013,1.148803,5,5973,134.99,,
2008-07-16 00:00:00.0,CYYLE,2010-12-18 00:00:00.0,135.0,C,CBOE,A,13.4,13.15,12.65,12.95,12.65,13.275,0.213413,0.213413,0.50975,0.010161,-0.013424,0.733519,1.13753,15,3777,134.99,,
2008-07-16 00:00:00.0,CYYLZ,2010-12-18 00:00:00.0,130.0,C,CBOE,A,15.7,15.45,14.17,15.26,14.17,15.575,0.219498,0.219498,0.557245,0.009884,-0.014003,0.734152,1.23729,221,5974,134.99,,
2008-07-17 00:00:00.0,CYYLE,2010-12-18 00:00:00.0,135.0,C,CBOE,A,14.3,14.05,14.2,14.2,14.15,14.175,0.218971,0.218971,0.521239,0.009892,-0.013766,0.744098,1.184061,700,3728,134.99,,
2008-07-17 00:00:00.0,CYYLZ,2010-12-18 00:00:00.0,130.0,C,CBOE,A,16.65,16.4,16.0,16.5,16.0,16.525,0.225292,0.225292,0.567651,0.009515,-0.014234,0.732547,1.253193,31,5783,134.99,,
2008-07-18 00:00:00.0,CYYLE,2010-12-18 00:00:00.0,135.0,C,CBOE,A,14.8,14.6,14.35,14.35,14.35,14.700001,0.219478,0.219478,0.531019,0.009789,-0.014036,0.741928,1.208221,5,4023,134.99,,
2008-07-18 00:00:00.0,CYYLZ,2010-12-18 00:00:00.0,130.0,C,CBOE,A,17.2,16.95,16.57,16.57,16.57,17.075,0.225669,0.225669,0.576848,0.009398,-0.014476,0.730214,1.276437,3,5793,134.99,,
2008-07-21 00:00:00.0,CYYLE,2010-12-18 00:00:00.0,135.0,C,CBOE,A,14.65,14.5,,,,14.575,0.216186,0.216186,0.532404,0.009934,-0.014077,0.741086,1.214582,0,4023,134.99,,
2008-07-21 00:00:00.0,CYYLZ,2010-12-18 00:00:00.0,130.0,C,CBOE,A,17.05,16.85,,,,16.95,0.222204,0.222204,0.578706,0.009528,-0.014515,0.728357,1.285446,0,5790,134.99,,
2008-07-22 00:00:00.0,CYYLE,2010-12-18 00:00:00.0,135.0,C,CBOE,A,15.2,15.0,14.5,14.5,14.45,15.1,0.211441,0.211441,0.547224,0.010002,-0.014301,0.741129,1.263002,550,4023,134.99,,
2008-07-22 00:00:00.0,CYYLZ,2010-12-18 00:00:00.0,130.0,C,CBOE,A,17.65,17.45,16.2,16.77,16.2,17.55,0.217434,0.217434,0.593727,0.009543,-0.014709,0.739935,1.338555,6,5790,134.99,,
2008-07-23 00:00:00.0,CYYLE,2010-12-18 00:00:00.0,135.0,C,CBOE,A,15.7,15.45,,,,15.575,0.210459,0.210459,0.558278,0.009884,-0.014552,0.748868,1.267748,0,4373,134.99,,
2008-07-23 00:00:00.0,CYYLZ,2010-12-18 00:00:00.0,130.0,C,CBOE,A,18.2,17.95,18.33,18.33,17.95,18.075,0.216345,0.216345,0.603878,0.009465,-0.014984,0.736339,1.361946,192,5794,134.99,,
2008-07-24 00:00:00.0,CYYLE,2010-12-18 00:00:00.0,135.0,C,CBOE,A,14.1,13.9,14.55,14.55,14.55,14.0,0.209634,0.209634,0.528982,0.0103,-0.014028,0.742492,1.20983,3,4128,134.99,,
2008-07-24 00:00:00.0,CYYLZ,2010-12-18 00:00:00.0,130.0,C,CBOE,A,16.45,16.25,17.4,17.4,16.5,16.35,0.215267,0.215267,0.576599,0.009882,-0.014482,0.726931,1.285607,30,5728,134.99,,
2008-07-25 00:00:00.0,CYYLE,2010-12-18 00:00:00.0,135.0,C,CBOE,A,14.25,14.05,14.2,14.35,14.2,14.15,0.210485,0.210485,0.531725,0.010258,-0.014209,0.741221,1.211531,108,4131,134.99,,
2008-07-25 00:00:00.0,CYYLZ,2010-12-18 00:00:00.0,130.0,C,CBOE,A,16.6,16.4,,,,16.5,0.216054,0.216054,0.579035,0.009837,-0.014656,0.725216,1.286652,0,5728,134.99,,
2008-07-28 00:00:00.0,CYYLE,2010-12-18 00:00:00.0,135.0,C,CBOE,A,13.15,12.95,13.4,13.4,13.25,13.049999,0.211761,0.211761,0.508269,0.010415,-0.013688,0.721587,1.144934,4,4134,134.99,,
2008-07-28 00:00:00.0,CYYLZ,2010-12-18 00:00:00.0,130.0,C,CBOE,A,15.4,15.2,16.4,16.4,16.05,15.299999,0.217453,0.217453,0.55638,0.01006,-0.014205,0.728737,1.222792,3,5728,134.99,,
2008-07-29 00:00:00.0,CYYLE,2010-12-18 00:00:00.0,135.0,C,CBOE,A,14.45,14.2,13.6,14.0,13.6,14.325,0.210988,0.210988,0.533771,0.010192,-0.0141,0.739388,1.217687,6,4135,134.99,,
2008-07-29 00:00:00.0,CYYLZ,2010-12-18 00:00:00.0,130.0,C,CBOE,A,16.8,16.6,15.6,16.11,15.6,16.7,0.216715,0.216715,0.581059,0.009769,-0.014539,0.724884,1.291856,6,5729,134.99,,
2008-07-30 00:00:00.0,CYYLE,2010-12-18 00:00:00.0,135.0,C,CBOE,A,15.6,15.4,,,,15.5,0.211742,0.211742,0.554469,0.00993,-0.01443,0.757978,1.277663,40,4139,134.99,,
2008-07-30 00:00:00.0,CYYLZ,2010-12-18 00:00:00.0,130.0,C,CBOE,A,18.05,17.9,,,,17.974998,0.217333,0.217333,0.600741,0.009464,-0.014788,0.73675,1.348313,0,5730,134.99,,
2008-07-31 00:00:00.0,CYYLE,2010-12-18 00:00:00.0,135.0,C,CBOE,A,14.8,14.5,15.25,15.25,15.25,14.65,0.212119,0.212119,0.538913,0.010095,-0.014226,0.737406,1.227949,8,4136,134.99,,
2008-07-31 00:00:00.0,CYYLZ,2010-12-18 00:00:00.0,130.0,C,CBOE,A,17.15,16.85,17.53,17.75,7.3,17.0,0.217263,0.217263,0.585667,0.009694,-0.014628,0.72358,1.301661,3308,5729,134.99,,
2008-08-01 00:00:00.0,CYYLE,2010-12-18 00:00:00.0,135.0,C,CBOE,A,14.4,14.1,14.15,14.2,14.15,14.25,0.212,0.212,0.531466,0.010178,-0.01408,0.738413,1.206712,760,4136,134.99,,
2008-08-01 00:00:00.0,CYYLZ,2010-12-18 00:00:00.0,130.0,C,CBOE,A,16.7,16.45,,,,16.575,0.217176,0.217176,0.578602,0.00979,-0.014503,0.724499,1.281166,0,7535,134.99,,
2008-08-04 00:00:00.0,CYYLE,2010-12-18 00:00:00.0,135.0,C,CBOE,A,13.85,13.6,,,,13.725,0.215442,0.215442,0.518022,0.010165,-0.013881,0.738317,1.161573,0,4896,134.99,,
2008-08-04 00:00:00.0,CYYLZ,2010-12-18 00:00:00.0,130.0,C,CBOE,A,16.15,15.85,,,,16.0,0.220741,0.220741,0.565203,0.009814,-0.014334,0.725472,1.234978,0,8285,134.99,,
2008-08-05 00:00:00.0,CYYLE,2010-12-18 00:00:00.0,135.0,C,CBOE,A,15.4,15.2,14.2,14.8,14.2,15.299999,0.21295,0.21295,0.549852,0.009944,-0.014356,0.756561,1.259123,129,4896,134.99,,
2008-08-05 00:00:00.0,CYYLZ,2010-12-18 00:00:00.0,130.0,C,CBOE,A,17.85,17.65,17.0,17.7,17.0,17.75,0.218429,0.218429,0.596281,0.009498,-0.014718,0.736075,1.327661,10,8285,134.99,,
2008-08-06 00:00:00.0,CYYLE,2010-12-18 00:00:00.0,135.0,C,CBOE,A,15.7,15.45,15.5,15.5,15.5,15.575,0.212746,0.212746,0.55485,0.009893,-0.014418,0.755596,1.270618,1,4801,134.99,,
2008-08-06 00:00:00.0,CYYLZ,2010-12-18 00:00:00.0,130.0,C,CBOE,A,18.2,18.0,17.85,18.24,17.85,18.1,0.218962,0.218962,0.601207,0.009407,-0.014795,0.735242,1.339181,15,8284,134.99,,
2008-08-07 00:00:00.0,CYYLE,2010-12-18 00:00:00.0,135.0,C,CBOE,A,14.6,14.3,15.14,15.14,15.0,14.450001,0.210433,0.210433,0.53707,0.010209,-0.014136,0.735801,1.219752,2,4713,134.99,,
2008-08-07 00:00:00.0,CYYLZ,2010-12-18 00:00:00.0,130.0,C,CBOE,A,16.95,16.7,17.0,17.0,17.0,16.825,0.215888,0.215888,0.584491,0.009791,-0.014558,0.722055,1.293912,2,8283,134.99,,
2008-08-08 00:00:00.0,CYYLE,2010-12-18 00:00:00.0,135.0,C,CBOE,A,16.15,15.9,15.2,15.2,15.2,16.025,0.213904,0.213904,0.562337,0.009779,-0.014712,0.752408,1.284066,6,4713,134.99,,
2008-08-08 00:00:00.0,CYYLZ,2010-12-18 00:00:00.0,130.0,C,CBOE,A,18.65,18.4,16.7,18.5,16.7,18.525,0.219492,0.219492,0.607977,0.009308,-0.015048,0.731918,1.352524,8,8285,134.99,,
2008-08-11 00:00:00.0,CYYLE,2010-12-18 00:00:00.0,135.0,C,CBOE,A,16.9,16.65,17.1,17.1,16.6,16.775,0.21581,0.21581,0.572983,0.009568,-0.014882,0.750067,1.308764,31,4713,134.99,,
2008-08-11 00:00:00.0,CYYLZ,2010-12-18 00:00:00.0,130.0,C,CBOE,A,19.5,19.25,18.55,19.55,18.55,19.375,0.222214,0.222214,0.617902,0.00906,-0.015214,0.730646,1.372864,8,8284,134.99,,
2008-08-12 00:00:00.0,CYYLE,2010-12-18 00:00:00.0,135.0,C,CBOE,A,16.1,15.8,16.0,16.0,15.75,15.950001,0.215542,0.215542,0.559295,0.009748,-0.014645,0.75185,1.269762,34,4712,134.99,,
2008-08-12 00:00:00.0,CYYLZ,2010-12-18 00:00:00.0,130.0,C,CBOE,A,18.6,18.3,18.95,18.95,18.29,18.45,0.221296,0.221296,0.604952,0.009286,-0.01499,0.732175,1.33706,8,8289,134.99,,
2008-08-13 00:00:00.0,CYYLE,2010-12-18 00:00:00.0,135.0,C,CBOE,A,15.8,15.55,15.25,15.3,15.25,15.675,0.217427,0.217427,0.553098,0.009755,-0.014653,0.751607,1.246765,5,4678,134.99,,
2008-08-13 00:00:00.0,CYYLZ,2010-12-18 00:00:00.0,130.0,C,CBOE,A,18.25,18.1,17.5,18.2,17.5,18.175,0.223614,0.223614,0.59882,0.00929,-0.01503,0.731873,1.313383,2,8294,134.99,,
2008-08-14 00:00:00.0,CYYLE,2010-12-18 00:00:00.0,135.0,C,CBOE,A,16.15,15.9,16.0,16.0,16.0,16.025,0.216034,0.216034,0.560115,0.00972,-0.014657,0.751036,1.269437,149,4681,134.99,,
2008-08-14 00:00:00.0,CYYLZ,2010-12-18 00:00:00.0,130.0,C,CBOE,A,18.7,18.4,17.65,18.8,17.65,18.55,0.222083,0.222083,0.605734,0.009247,-0.015009,0.731725,1.335787,323,8288,134.99,,
2008-08-15 00:00:00.0,CYYLE,2010-12-18 00:00:00.0,135.0,C,CBOE,A,16.4,16.2,,,,16.3,0.215999,0.215999,0.564668,0.009665,-0.014684,0.750371,1.282003,0,4830,134.99,,
2008-08-15 00:00:00.0,CYYLZ,2010-12-18 00:00:00.0,130.0,C,CBOE,A,18.9,18.7,18.9,18.9,18.55,18.8,0.221428,0.221428,0.61002,0.009211,-0.014998,0.731742,1.348611,2,8230,134.99,,
2008-08-18 00:00:00.0,CYYLE,2010-12-18 00:00:00.0,135.0,C,CBOE,A,15.55,15.25,16.0,16.0,15.3,15.4,0.216913,0.216913,0.548952,0.009838,-0.014559,0.750454,1.232161,14,4830,134.99,,
2008-08-18 00:00:00.0,CYYLZ,2010-12-18 00:00:00.0,130.0,C,CBOE,A,17.95,17.7,18.55,18.55,18.55,17.825,0.222224,0.222224,0.594932,0.009414,-0.014913,0.731136,1.300996,1,8229,134.99,,
2008-08-19 00:00:00.0,CYYLE,2010-12-18 00:00:00.0,135.0,C,CBOE,A,14.7,14.5,,,,14.6,0.217175,0.217175,0.533982,0.009983,-0.01427,0.729889,1.187583,0,4831,134.99,,
2008-08-19 00:00:00.0,CYYLZ,2010-12-18 00:00:00.0,130.0,C,CBOE,A,17.1,16.85,17.25,17.25,16.7,16.975,0.222975,0.222975,0.580659,0.009586,-0.014699,0.722735,1.258947,23,8228,134.99,,
2008-08-20 00:00:00.0,CYYLE,2010-12-18 00:00:00.0,135.0,C,CBOE,A,14.9,14.65,14.3,14.8,14.3,14.775,0.215548,0.215548,0.538863,0.010008,-0.014311,0.732521,1.203859,3,4831,134.99,,
2008-08-20 00:00:00.0,CYYLZ,2010-12-18 00:00:00.0,130.0,C,CBOE,A,17.3,17.0,16.71,17.2,16.6,17.15,0.220872,0.220872,0.585577,0.009609,-0.014706,0.732202,1.276334,9,8245,134.99,,
2008-08-21 00:00:00.0,CYYLE,2010-12-18 00:00:00.0,135.0,C,CBOE,A,15.05,14.8,14.5,14.5,14.5,14.925,0.216557,0.216557,0.540719,0.009949,-0.014368,0.742384,1.210476,3,4832,134.99,,
2008-08-21 00:00:00.0,CYYLZ,2010-12-18 00:00:00.0,130.0,C,CBOE,A,17.45,17.15,17.6,17.6,17.6,17.3,0.221672,0.221672,0.587186,0.009554,-0.014741,0.731758,1.278048,1,8246,134.99,,
2008-08-22 00:00:00.0,CYYLE,2010-12-18 00:00:00.0,135.0,C,CBOE,A,16.1,15.85,15.66,15.66,15.66,15.975,0.217369,0.217369,0.558345,0.00971,-0.014662,0.748347,1.253939,2,4832,134.99,,
2008-08-22 00:00:00.0,CYYLZ,2010-12-18 00:00:00.0,130.0,C,CBOE,A,18.6,18.35,17.9,18.32,17.9,18.475,0.223156,0.223156,0.60399,0.009256,-0.015007,0.729751,1.319919,166,8247,134.99,,
2008-08-25 00:00:00.0,CYYLE,2010-12-18 00:00:00.0,135.0,C,CBOE,A,14.7,14.45,15.0,15.0,14.7,14.575,0.218581,0.218581,0.532544,0.009958,-0.014293,0.727605,1.175182,29,4832,134.99,,
2008-08-25 00:00:00.0,CYYLZ,2010-12-18 00:00:00.0,130.0,C,CBOE,A,17.05,16.75,18.1,18.1,17.75,16.9,0.223776,0.223776,0.579018,0.009595,-0.0147,0.721902,1.246725,163,8243,134.99,,
2008-08-26 00:00:00.0,CYYLE,2010-12-18 00:00:00.0,135.0,C,CBOE,A,14.9,14.7,14.55,14.55,14.55,14.799999,0.218383,0.218383,0.537282,0.009932,-0.014432,0.726458,1.186497,10,4805,134.99,,
2008-08-26 00:00:00.0,CYYLZ,2010-12-18 00:00:00.0,130.0,C,CBOE,A,17.3,17.1,16.9,16.99,16.8,17.2,0.224291,0.224291,0.583794,0.009522,-0.014853,0.729471,1.258565,26,8229,134.99,,
2008-08-27 00:00:00.0,CYYLE,2010-12-18 00:00:00.0,135.0,C,CBOE,A,15.25,15.05,,,,15.15,0.21493,0.21493,0.546704,0.009972,-0.014439,0.748375,1.221272,0,4815,134.99,,
2008-08-27 00:00:00.0,CYYLZ,2010-12-18 00:00:00.0,130.0,C,CBOE,A,17.7,17.45,17.45,17.9,17.4,17.575,0.220176,0.220176,0.593401,0.009548,-0.014799,0.729154,1.291035,6,8233,134.99,,
2008-08-28 00:00:00.0,CYYLE,2010-12-18 00:00:00.0,135.0,C,CBOE,A,16.1,15.95,15.85,15.85,15.85,16.025,0.215107,0.215107,0.561941,0.009787,-0.014693,0.745999,1.261445,1,4815,134.99,,
2008-08-28 00:00:00.0,CYYLZ,2010-12-18 00:00:00.0,130.0,C,CBOE,A,18.65,18.45,18.05,18.53,18.05,18.55,0.220916,0.220916,0.607946,0.009315,-0.015033,0.727153,1.328169,189,8233,134.99,,
2008-08-29 00:00:00.0,CYYLE,2010-12-18 00:00:00.0,135.0,C,CBOE,A,15.5,15.3,15.75,15.75,15.75,15.4,0.217385,0.217385,0.54906,0.00985,-0.014582,0.746623,1.220107,1,4814,134.99,,
2008-08-29 00:00:00.0,CYYLZ,2010-12-18 00:00:00.0,130.0,C,CBOE,A,17.95,17.7,18.75,18.75,18.25,17.825,0.222618,0.222618,0.595218,0.009432,-0.014932,0.727908,1.288325,10,8360,134.99,,
2008-09-02 00:00:00.0,CYYLE,2010-12-18 00:00:00.0,135.0,C,CBOE,A,15.1,14.9,15.25,15.25,15.25,15.0,0.219159,0.219159,0.540703,0.009893,-0.014526,0.745648,1.194902,5,4814,134.99,,
2008-09-02 00:00:00.0,CYYLZ,2010-12-18 00:00:00.0,130.0,C,CBOE,A,17.5,17.25,18.85,18.85,17.15,17.375,0.224208,0.224208,0.586999,0.009504,-0.014888,0.727398,1.257722,101,8364,134.99,,
2008-09-03 00:00:00.0,CYYLE,2010-12-18 00:00:00.0,135.0,C,CBOE,A,14.95,14.7,,,,14.825,0.21787,0.21787,0.538699,0.009968,-0.014445,0.73931,1.188569,0,4814,134.99,,
2008-09-03 00:00:00.0,CYYLZ,2010-12-18 00:00:00.0,130.0,C,CBOE,A,17.3,17.1,17.2,17.35,16.84,17.2,0.223044,0.223044,0.585348,0.009576,-0.014824,0.727367,1.254749,51,8364,134.99,,
2008-09-04 00:00:00.0,CYYLE,2010-12-18 00:00:00.0,135.0,C,CBOE,A,12.9,12.65,13.6,13.6,12.85,12.775,0.217841,0.217841,0.498868,0.01035,-0.013706,0.722932,1.080885,11,4813,134.99,,
2008-09-04 00:00:00.0,CYYLZ,2010-12-18 00:00:00.0,130.0,C,CBOE,A,15.1,14.85,16.55,16.55,15.0,14.975,0.223082,0.223082,0.547048,0.010053,-0.014207,0.716592,1.149404,123,8264,134.99,,
2008-09-05 00:00:00.0,CYYLE,2010-12-18 00:00:00.0,135.0,C,CBOE,A,13.15,12.9,12.1,12.65,12.1,13.025,0.219527,0.219527,0.502331,0.010247,-0.013785,0.726687,1.081552,756,4816,134.99,,
2008-09-05 00:00:00.0,CYYLZ,2010-12-18 00:00:00.0,130.0,C,CBOE,A,15.4,15.1,14.68,14.85,14.68,15.25,0.224918,0.224918,0.550198,0.009941,-0.014276,0.715938,1.152605,306,8255,134.99,,
2008-09-08 00:00:00.0,CYYLE,2010-12-18 00:00:00.0,135.0,C,CBOE,A,14.3,14.05,14.55,14.55,14.1,14.175,0.218605,0.218605,0.52554,0.010072,-0.014132,0.723911,1.141503,5,5572,134.99,,
2008-09-08 00:00:00.0,CYYLZ,2010-12-18 00:00:00.0,130.0,C,CBOE,A,16.65,16.35,17.25,17.25,15.9,16.5,0.224045,0.224045,0.572787,0.009715,-0.014566,0.715051,1.210622,28,8348,134.99,,
2008-09-09 00:00:00.0,CYYLE,2010-12-18 00:00:00.0,135.0,C,CBOE,A,12.4,12.15,12.7,12.7,12.5,12.275,0.220179,0.220179,0.485946,0.010351,-0.013395,0.698182,1.030302,2,5567,134.99,,
2008-09-09 00:00:00.0,CYYLZ,2010-12-18 00:00:00.0,130.0,C,CBOE,A,14.55,14.35,,,,14.450001,0.226168,0.226168,0.534494,0.010084,-0.013968,0.716399,1.105285,0,8355,134.99,,
2008-09-10 00:00:00.0,CYYLE,2010-12-18 00:00:00.0,135.0,C,CBOE,A,12.45,12.25,12.5,12.5,12.0,12.35,0.21592,0.21592,0.491807,0.010504,-0.013504,0.702035,1.053012,21,5569,134.99,,
2008-09-10 00:00:00.0,CYYLZ,2010-12-18 00:00:00.0,130.0,C,CBOE,A,14.65,14.45,14.7,14.7,14.2,14.549999,0.221668,0.221668,0.540881,0.010208,-0.014059,0.715691,1.129222,26,8355,134.99,,
2008-09-11 00:00:00.0,CYYLE,2010-12-18 00:00:00.0,135.0,C,CBOE,A,13.45,13.15,11.6,11.6,11.6,13.299999,0.218518,0.218518,0.508575,0.010241,-0.013798,0.72438,1.093377,10,5590,134.99,,
2008-09-11 00:00:00.0,CYYLZ,2010-12-18 00:00:00.0,130.0,C,CBOE,A,15.75,15.4,13.7,14.0,13.6,15.575,0.224143,0.224143,0.556685,0.009912,-0.014283,0.714573,1.163494,18,8365,134.99,,
2008-09-12 00:00:00.0,CYYLE,2010-12-18 00:00:00.0,135.0,C,CBOE,A,13.85,13.6,,,,13.725,0.220363,0.220363,0.515462,0.010108,-0.013998,0.72282,1.106571,0,5590,134.99,,
2008-09-12 00:00:00.0,CYYLZ,2010-12-18 00:00:00.0,130.0,C,CBOE,A,16.15,15.9,,,,16.025,0.226046,0.226046,0.562992,0.009768,-0.014465,0.71331,1.174902,0,8383,134.99,,
2008-09-15 00:00:00.0,CYYLE,2010-12-18 00:00:00.0,135.0,C,CBOE,A,10.7,10.3,11.8,11.8,10.9,10.5,0.217084,0.217084,0.449265,0.010743,-0.01262,0.68627,0.939153,29,5590,134.99,,
2008-09-15 00:00:00.0,CYYLZ,2010-12-18 00:00:00.0,130.0,C,CBOE,A,12.75,12.25,14.0,14.3,13.1,12.5,0.22261,0.22261,0.499299,0.010588,-0.013276,0.696177,1.012781,74,8383,134.99,,
2008-09-16 00:00:00.0,CYYLE,2010-12-18 00:00:00.0,135.0,C,CBOE,A,12.0,11.4,9.45,10.6,9.45,11.7,0.22086,0.22086,0.473548,0.010438,-0.01323,0.696144,0.990942,103,5613,134.99,,
2008-09-16 00:00:00.0,CYYLZ,2010-12-18 00:00:00.0,130.0,C,CBOE,A,13.95,13.5,11.55,12.0,11.16,13.725,0.225428,0.225428,0.521761,0.010265,-0.013776,0.693173,1.06338,26,8436,134.99,,
2008-09-17 00:00:00.0,CYYLE,2010-12-18 00:00:00.0,135.0,C,CBOE,A,9.85,9.35,10.75,10.95,9.64,9.6,0.228581,0.228581,0.418886,0.010421,-0.012203,0.660049,0.834615,164,5645,134.99,,
2008-09-17 00:00:00.0,CYYLZ,2010-12-18 00:00:00.0,130.0,C,CBOE,A,11.65,11.2,11.6,11.9,11.24,11.424999,0.233992,0.233992,0.467088,0.010387,-0.012902,0.665091,0.90453,10,8444,134.99,,
2008-09-18 00:00:00.0,CYYLE,2010-12-18 00:00:00.0,135.0,C,CBOE,A,11.6,10.85,,,,11.225,0.232632,0.232632,0.453504,0.010107,-0.012951,0.690058,0.90896,0,5108,134.99,,
2008-09-18 00:00:00.0,CYYLZ,2010-12-18 00:00:00.0,130.0,C,CBOE,A,13.5,12.85,12.25,12.25,11.0,13.175,0.237649,0.237649,0.500477,0.009998,-0.013534,0.690503,0.973319,33,8189,134.99,,
2008-09-19 00:00:00.0,CYYLE,2010-12-18 00:00:00.0,135.0,C,CBOE,A,14.35,12.05,14.5,14.5,13.7,13.200001,0.227427,0.227427,0.499526,0.010009,-0.013861,0.719945,1.037487,20,5108,134.99,,
2008-09-19 00:00:00.0,CYYLZ,2010-12-18 00:00:00.0,130.0,C,CBOE,A,18.3,14.35,17.0,17.0,14.45,16.325,0.245789,0.245789,0.5521,0.009228,-0.014891,0.708546,1.087676,70,8185,134.99,,
2008-09-22 00:00:00.0,CYYLE,2010-12-18 00:00:00.0,135.0,C,CBOE,A,12.65,12.2,,,,12.424999,0.236795,0.236795,0.477081,0.00985,-0.013731,0.687346,0.958081,0,5108,134.99,,
2008-09-22 00:00:00.0,CYYLZ,2010-12-18 00:00:00.0,130.0,C,CBOE,A,14.75,14.2,16.1,16.1,15.1,14.475,0.242122,0.242122,0.523005,0.009674,-0.014276,0.687404,1.019397,5,8185,134.99,,
2008-09-23 00:00:00.0,CYYLE,2010-12-18 00:00:00.0,135.0,C,CBOE,A,11.7,11.25,12.2,12.2,11.65,11.475,0.238509,0.238509,0.457181,0.009954,-0.013581,0.686568,0.908869,6,5093,134.99,,
2008-09-23 00:00:00.0,CYYLZ,2010-12-18 00:00:00.0,130.0,C,CBOE,A,13.7,13.25,14.5,14.75,13.45,13.475,0.244485,0.244485,0.503558,0.009792,-0.014209,0.684899,0.972531,111,8186,134.99,,
2008-09-24 00:00:00.0,CYYLE,2010-12-18 00:00:00.0,135.0,C,CBOE,A,11.9,11.55,,,,11.725,0.236921,0.236921,0.464502,0.009988,-0.013858,0.686754,0.928824,0,5090,134.99,,
2008-09-24 00:00:00.0,CYYLZ,2010-12-18 00:00:00.0,130.0,C,CBOE,A,13.9,13.55,13.5,13.8,13.5,13.725,0.242481,0.242481,0.510649,0.009815,-0.014461,0.68443,0.994534,165,8189,134.99,,
2008-09-25 00:00:00.0,CYYLE,2010-12-18 00:00:00.0,135.0,C,CBOE,A,12.45,12.0,12.5,12.55,12.2,12.225,0.232346,0.232346,0.477952,0.010048,-0.01396,0.687612,0.969791,7,5084,134.99,,
2008-09-25 00:00:00.0,CYYLZ,2010-12-18 00:00:00.0,130.0,C,CBOE,A,14.45,14.1,,,,14.275,0.237608,0.237608,0.52442,0.00985,-0.014523,0.685218,1.036478,0,8209,134.99,,
2008-09-26 00:00:00.0,CYYLE,2010-12-18 00:00:00.0,135.0,C,CBOE,A,12.55,12.1,11.48,11.85,11.48,12.325001,0.232031,0.232031,0.480827,0.010056,-0.014109,0.687355,0.976119,10,5085,134.99,,
2008-09-26 00:00:00.0,CYYLZ,2010-12-18 00:00:00.0,130.0,C,CBOE,A,14.5,14.15,,,,14.325,0.236431,0.236431,0.526808,0.009881,-0.014633,0.684547,1.044027,0,8209,134.99,,
2008-09-29 00:00:00.0,CYYLE,2010-12-18 00:00:00.0,135.0,C,CBOE,A,9.45,8.2,8.6,9.6,8.6,8.825,0.241585,0.241585,0.394866,0.01018,-0.012451,0.615596,0.746344,27,5085,134.99,,
2008-09-29 00:00:00.0,CYYLZ,2010-12-18 00:00:00.0,130.0,C,CBOE,A,11.0,9.75,12.5,13.0,10.5,10.375,0.245401,0.245401,0.439364,0.010284,-0.013155,0.625501,0.812312,31,8209,134.99,,
2008-09-30 00:00:00.0,CYYLE,2010-12-18 00:00:00.0,135.0,C,CBOE,A,10.4,10.0,9.09,10.25,9.09,10.2,0.234552,0.234552,0.432447,0.010274,-0.013138,0.654193,0.848219,3,5095,134.99,,
2008-09-30 00:00:00.0,CYYLZ,2010-12-18 00:00:00.0,130.0,C,CBOE,A,12.3,11.9,12.0,12.0,12.0,12.1,0.240716,0.240716,0.480017,0.010165,-0.013863,0.657484,0.916719,19,8219,134.99,,
2008-10-01 00:00:00.0,CYYLE,2010-12-18 00:00:00.0,135.0,C,CBOE,A,10.5,9.95,9.95,9.95,9.95,10.225,0.237622,0.237622,0.430226,0.010155,-0.013021,0.651481,0.836457,1,5096,134.99,,
2008-10-01 00:00:00.0,CYYLZ,2010-12-18 00:00:00.0,130.0,C,CBOE,A,12.4,11.85,,,,12.125,0.24397,0.24397,0.477538,0.010056,-0.013747,0.656016,0.902173,0,8200,134.99,,
2008-10-02 00:00:00.0,CYYLE,2010-12-18 00:00:00.0,135.0,C,CBOE,A,8.7,8.2,8.4,8.75,8.24,8.45,0.235725,0.235725,0.387699,0.010367,-0.012028,0.616717,0.737819,18,5095,134.99,,
2008-10-02 00:00:00.0,CYYLZ,2010-12-18 00:00:00.0,130.0,C,CBOE,A,10.45,9.9,10.34,10.55,10.1,10.174999,0.24238,0.24238,0.43586,0.01039,-0.012881,0.625277,0.806228,17,8200,134.99,,
2008-10-03 00:00:00.0,CYYLE,2010-12-18 00:00:00.0,135.0,C,CBOE,A,7.95,7.5,8.9,9.35,7.55,7.725,0.233805,0.233805,0.368979,0.01045,-0.011506,0.590235,0.698476,10,5109,134.99,,
2008-10-03 00:00:00.0,CYYLZ,2010-12-18 00:00:00.0,130.0,C,CBOE,A,9.5,9.05,10.4,11.55,9.06,9.275,0.239092,0.239092,0.416002,0.010599,-0.012344,0.625322,0.773756,10,8207,134.99,,
2008-10-06 00:00:00.0,CYYLE,2010-12-18 00:00:00.0,135.0,C,CBOE,A,5.85,5.25,6.05,6.15,5.0,5.55,0.2303,0.2303,0.303612,0.010409,-0.009699,0.535153,0.562351,79,5106,134.99,,
2008-10-06 00:00:00.0,CYYLZ,2010-12-18 00:00:00.0,130.0,C,CBOE,A,7.15,6.55,8.1,8.3,5.95,6.8500004,0.235783,0.235783,0.350453,0.010794,-0.010653,0.553029,0.621762,48,8205,134.99,,
2008-10-07 00:00:00.0,CYYLE,2010-12-18 00:00:00.0,135.0,C,CBOE,A,4.45,4.0,5.65,5.65,4.05,4.225,0.229661,0.229661,0.255761,0.010066,-0.008354,0.449211,0.451741,4,5098,134.99,,
2008-10-07 00:00:00.0,CYYLZ,2010-12-18 00:00:00.0,130.0,C,CBOE,A,5.55,5.05,7.73,7.73,5.5,5.3,0.23532,0.23532,0.300252,0.01066,-0.009371,0.507478,0.526373,41,8203,134.99,,
2008-10-08 00:00:00.0,CYYLE,2010-12-18 00:00:00.0,135.0,C,CBOE,A,4.1,3.7,3.4,4.1,3.4,3.9,0.240134,0.240134,0.238649,0.009566,-0.007893,0.432192,0.401976,7,5067,134.99,,
2008-10-08 00:00:00.0,CYYLZ,2010-12-18 00:00:00.0,130.0,C,CBOE,A,5.1,4.7,4.9,5.52,4.76,4.8999996,0.245934,0.245934,0.280947,0.010188,-0.008881,0.457378,0.460626,7,8168,134.99,,
2008-10-09 00:00:00.0,CYYLE,2010-12-18 00:00:00.0,135.0,C,CBOE,A,3.55,2.39,3.94,4.05,2.7,2.97,0.255268,0.255268,0.196181,0.008688,-0.006746,0.362811,0.311002,139,5070,134.99,,
2008-10-09 00:00:00.0,CYYLZ,2010-12-18 00:00:00.0,130.0,C,CBOE,A,4.3,3.05,5.5,5.5,3.5,3.6750002,0.25908,0.25908,0.230516,0.009429,-0.00759,0.403126,0.354935,66,8146,134.99,,
2008-10-10 00:00:00.0,CYYLE,2010-12-18 00:00:00.0,135.0,C,CBOE,A,2.9,2.25,2.57,2.7,2.15,2.575,0.256038,0.256038,0.178141,0.008375,-0.006168,0.33118,0.273942,119,5176,134.99,,
2008-10-10 00:00:00.0,CYYLZ,2010-12-18 00:00:00.0,130.0,C,CBOE,A,3.6,2.78,3.4,3.95,2.7,3.19,0.259292,0.259292,0.21013,0.009165,-0.006966,0.359653,0.313984,364,8187,134.99,,
2008-10-13 00:00:00.0,CYYLE,2010-12-18 00:00:00.0,135.0,C,CBOE,A,6.1,3.9,3.22,3.22,3.22,5.0,0.241836,0.241836,0.279763,0.009927,-0.009209,0.47785,0.481742,10,5263,134.99,,
2008-10-13 00:00:00.0,CYYLZ,2010-12-18 00:00:00.0,130.0,C,CBOE,A,7.2,5.75,3.9,5.0,3.9,6.475,0.253585,0.253585,0.330981,0.010238,-0.010488,0.524984,0.551763,209,8463,134.99,,
2008-10-14 00:00:00.0,CYYLE,2010-12-18 00:00:00.0,135.0,C,CBOE,A,4.75,4.25,4.95,4.95,4.75,4.5,0.240255,0.240255,0.262358,0.009842,-0.008695,0.471258,0.457449,12,5273,134.99,,
2008-10-14 00:00:00.0,CYYLZ,2010-12-18 00:00:00.0,130.0,C,CBOE,A,5.9,5.3,6.5,6.5,5.0,5.6000004,0.245809,0.245809,0.305973,0.010372,-0.009671,0.501008,0.509275,221,8350,134.99,,
2008-10-15 00:00:00.0,CYYLE,2010-12-18 00:00:00.0,135.0,C,CBOE,A,3.35,2.6,3.6,3.6,3.3,2.975,0.258303,0.258303,0.196455,0.00868,-0.006866,0.352944,0.305442,52,5281,134.99,,
2008-10-15 00:00:00.0,CYYLZ,2010-12-18 00:00:00.0,130.0,C,CBOE,A,4.0,3.5,4.4,4.4,3.6,3.75,0.264256,0.264256,0.233089,0.009398,-0.007824,0.402332,0.356808,120,8468,134.99,,
2008-10-16 00:00:00.0,CYYLE,2010-12-18 00:00:00.0,135.0,C,CBOE,A,3.45,2.85,,,,3.15,0.24279,0.24279,0.207332,0.00904,-0.006994,0.37279,0.329858,0,5271,134.99,,
2008-10-16 00:00:00.0,CYYLZ,2010-12-18 00:00:00.0,130.0,C,CBOE,A,4.85,3.75,3.8,4.3,3.5,4.3,0.255818,0.255818,0.256113,0.009653,-0.008321,0.419453,0.398584,119,8490,134.99,,
2008-10-17 00:00:00.0,CYYLE,2010-12-18 00:00:00.0,135.0,C,CBOE,A,4.2,3.3,3.5,4.5,3.5,3.75,0.261447,0.261447,0.227915,0.008928,-0.007854,0.390994,0.353155,244,5271,134.99,,
2008-10-17 00:00:00.0,CYYLZ,2010-12-18 00:00:00.0,130.0,C,CBOE,A,5.1,4.3,3.8,3.8,3.8,4.7,0.268494,0.268494,0.267466,0.00947,-0.008837,0.425917,0.407947,6,8609,134.99,,
2008-10-20 00:00:00.0,CYYLE,2010-12-18 00:00:00.0,135.0,C,CBOE,A,5.0,4.25,3.7,4.45,3.7,4.625,0.251886,0.251886,0.262699,0.009422,-0.00877,0.448039,0.430708,13,5295,134.99,,
2008-10-20 00:00:00.0,CYYLZ,2010-12-18 00:00:00.0,130.0,C,CBOE,A,5.95,5.4,4.75,5.25,4.75,5.675,0.257138,0.257138,0.302647,0.009914,-0.009678,0.487077,0.521649,6,8609,134.99,,
2008-10-21 00:00:00.0,CYYLE,2010-12-18 00:00:00.0,135.0,C,CBOE,A,4.1,3.45,3.65,3.65,3.65,3.775,0.249735,0.249735,0.231125,0.009169,-0.007783,0.404866,0.370073,11,5296,134.99,,
2008-10-21 00:00:00.0,CYYLZ,2010-12-18 00:00:00.0,130.0,C,CBOE,A,4.95,4.4,5.48,5.48,5.0,4.675,0.254564,0.254564,0.269848,0.009765,-0.008675,0.439538,0.426299,22,8607,134.99,,
2008-10-22 00:00:00.0,CYYLE,2010-12-18 00:00:00.0,135.0,C,CBOE,A,3.15,2.78,3.1,3.15,2.77,2.9650002,0.259336,0.259336,0.194933,0.008489,-0.006719,0.345138,0.294468,389,5296,134.99,,
2008-10-22 00:00:00.0,CYYLZ,2010-12-18 00:00:00.0,130.0,C,CBOE,A,4.1,3.55,4.25,4.25,3.5,3.8249998,0.267504,0.267504,0.234006,0.009153,-0.007743,0.383866,0.347765,427,8618,134.99,,
2008-10-23 00:00:00.0,CYYLE,2010-12-18 00:00:00.0,135.0,C,CBOE,A,3.45,2.96,,,,3.205,0.260731,0.260731,0.20484,0.008599,-0.007046,0.359723,0.311739,0,5486,134.99,,
2008-10-23 00:00:00.0,CYYLZ,2010-12-18 00:00:00.0,130.0,C,CBOE,A,4.25,3.8,3.9,3.9,3.5,4.025,0.26677,0.26677,0.241017,0.009247,-0.007968,0.390978,0.387358,187,8487,134.99,,
2008-10-24 00:00:00.0,CYYLE,2010-12-18 00:00:00.0,135.0,C,CBOE,A,4.0,2.53,3.28,3.28,3.28,3.2649999,0.290378,0.290378,0.202352,0.008107,-0.00721,0.337641,0.285178,5,5486,134.99,,
2008-10-24 00:00:00.0,CYYLZ,2010-12-18 00:00:00.0,130.0,C,CBOE,A,4.8,3.3,4.15,4.3,3.75,4.05,0.297337,0.297337,0.235905,0.008672,-0.008112,0.373544,0.350966,7,8602,134.99,,
2008-10-27 00:00:00.0,CYYLE,2010-12-18 00:00:00.0,135.0,C,CBOE,A,3.25,2.55,3.25,3.35,3.25,2.9,0.297418,0.297418,0.186894,0.007853,-0.006768,0.308954,0.252508,21,5486,134.99,,
2008-10-27 00:00:00.0,CYYLZ,2010-12-18 00:00:00.0,130.0,C,CBOE,A,3.95,3.15,4.0,4.0,4.0,3.5500002,0.302742,0.302742,0.217439,0.008446,-0.007573,0.338264,0.290005,20,8603,134.99,,
2008-10-28 00:00:00.0,CYYLE,2010-12-18 00:00:00.0,135.0,C,CBOE,A,5.05,4.35,3.5,4.4,3.5,4.7,0.287553,0.287553,0.255908,0.008653,-0.009014,0.415937,0.383424,28,5495,134.99,,
2008-10-28 00:00:00.0,CYYLZ,2010-12-18 00:00:00.0,130.0,C,CBOE,A,5.85,5.25,3.95,4.95,3.95,5.55,0.290682,0.290682,0.289228,0.009097,-0.009741,0.442014,0.428253,145,8623,134.99,,
2008-10-29 00:00:00.0,CYYLE,2010-12-18 00:00:00.0,135.0,C,CBOE,A,5.45,4.05,4.66,5.25,4.66,4.75,0.293601,0.293601,0.256282,0.008553,-0.00909,0.412774,0.378831,40,5494,134.99,,
2008-10-29 00:00:00.0,CYYLZ,2010-12-18 00:00:00.0,130.0,C,CBOE,A,6.35,5.1,5.5,6.4,5.5,5.725,0.299794,0.299794,0.292447,0.008941,-0.009952,0.440593,0.425779,230,8643,134.99,,
2008-10-30 00:00:00.0,CYYLE,2010-12-18 00:00:00.0,135.0,C,CBOE,A,6.1,5.35,5.15,5.5,5.0,5.725,0.295484,0.295484,0.287109,0.00868,-0.01014,0.452564,0.434993,17,5495,134.99,,
2008-10-30 00:00:00.0,CYYLZ,2010-12-18 00:00:00.0,130.0,C,CBOE,A,7.05,6.45,6.25,6.5,6.25,6.75,0.300091,0.300091,0.322593,0.009001,-0.010905,0.476637,0.481977,25,8464,134.99,,
2008-10-31 00:00:00.0,CYYLE,2010-12-18 00:00:00.0,135.0,C,CBOE,A,6.25,5.7,5.2,6.2,5.2,5.975,0.298419,0.298419,0.293716,0.008642,-0.010378,0.459762,0.445205,36,5493,134.99,,
2008-10-31 00:00:00.0,CYYLZ,2010-12-18 00:00:00.0,130.0,C,CBOE,A,7.4,6.85,6.65,7.35,6.65,7.125,0.305155,0.305155,0.331364,0.008903,-0.011231,0.484338,0.494083,210,8459,134.99,,
2008-11-03 00:00:00.0,CYYLE,2010-12-18 00:00:00.0,135.0,C,CBOE,A,5.95,5.65,,,,5.8,0.293309,0.293309,0.289841,0.008729,-0.010221,0.457428,0.441379,0,5503,134.99,,
2008-11-03 00:00:00.0,CYYLZ,2010-12-18 00:00:00.0,130.0,C,CBOE,A,7.15,6.8,7.35,7.35,7.15,6.9750004,0.300641,0.300641,0.328652,0.008997,-0.011119,0.483275,0.492023,11,8521,134.99,,
2008-11-04 00:00:00.0,CYYLE,2010-12-18 00:00:00.0,135.0,C,CBOE,A,6.65,6.15,5.95,5.95,5.9,6.4,0.285432,0.285432,0.308692,0.008944,-0.010727,0.483375,0.516346,20,5503,134.99,,
2008-11-04 00:00:00.0,CYYLZ,2010-12-18 00:00:00.0,130.0,C,CBOE,A,7.9,7.45,7.15,7.5,7.1,7.675,0.292631,0.292631,0.348879,0.00917,-0.011617,0.504874,0.57209,92,8531,134.99,,
2008-11-05 00:00:00.0,CYYLE,2010-12-18 00:00:00.0,135.0,C,CBOE,A,5.25,4.9,,,,5.075,0.283051,0.283051,0.269618,0.008833,-0.00947,0.436657,0.411056,0,5520,134.99,,
2008-11-05 00:00:00.0,CYYLZ,2010-12-18 00:00:00.0,130.0,C,CBOE,A,6.35,5.9,7.0,7.0,6.6,6.125,0.28895,0.28895,0.306817,0.009226,-0.010355,0.463702,0.489543,18,8532,134.99,,
2008-11-06 00:00:00.0,CYYLE,2010-12-18 00:00:00.0,135.0,C,CBOE,A,4.35,4.0,4.24,4.24,4.24,4.175,0.295069,0.295069,0.235496,0.00841,-0.0085,0.38684,0.360981,10,5729,134.99,,
2008-11-06 00:00:00.0,CYYLZ,2010-12-18 00:00:00.0,130.0,C,CBOE,A,5.35,4.9,5.1,5.1,4.95,5.125,0.302684,0.302684,0.272299,0.008853,-0.00945,0.412126,0.409388,35,8524,134.99,,
2008-11-07 00:00:00.0,CYYLE,2010-12-18 00:00:00.0,135.0,C,CBOE,A,4.75,4.35,4.15,4.15,4.15,4.55,0.288459,0.288459,0.249831,0.008565,-0.008819,0.408427,0.370737,2,5729,134.99,,
2008-11-07 00:00:00.0,CYYLZ,2010-12-18 00:00:00.0,130.0,C,CBOE,A,5.8,5.35,,,,5.575,0.295965,0.295965,0.287946,0.008965,-0.009756,0.43864,0.42031,0,8495,134.99,,
2008-11-10 00:00:00.0,CYYLE,2010-12-18 00:00:00.0,135.0,C,CBOE,A,4.45,3.95,4.85,4.85,4.85,4.2,0.2879,0.2879,0.236998,0.008498,-0.008446,0.38721,0.370328,20,5729,134.99,,
2008-11-10 00:00:00.0,CYYLZ,2010-12-18 00:00:00.0,130.0,C,CBOE,A,5.45,4.95,5.3,5.3,5.0,5.2,0.296076,0.296076,0.276086,0.008924,-0.009418,0.423033,0.397333,11,8495,134.99,,
2008-11-11 00:00:00.0,CYYLE,2010-12-18 00:00:00.0,135.0,C,CBOE,A,3.75,3.4,3.83,3.83,3.83,3.575,0.288894,0.288894,0.214376,0.008256,-0.007683,0.356761,0.304954,19,5729,134.99,,
2008-11-11 00:00:00.0,CYYLZ,2010-12-18 00:00:00.0,130.0,C,CBOE,A,4.65,4.2,4.75,4.8,4.65,4.425,0.295909,0.295909,0.249985,0.00878,-0.008604,0.388646,0.350226,245,8495,134.99,,
2008-11-12 00:00:00.0,CYYLE,2010-12-18 00:00:00.0,135.0,C,CBOE,A,3.1,2.85,3.0,3.0,3.0,2.975,0.294995,0.294995,0.189588,0.007885,-0.006894,0.315727,0.25754,40,5520,134.99,,
2008-11-12 00:00:00.0,CYYLZ,2010-12-18 00:00:00.0,130.0,C,CBOE,A,3.8,3.55,4.39,4.39,3.65,3.675,0.301076,0.301076,0.221717,0.008479,-0.00775,0.346497,0.297076,286,8633,134.99,,
2008-11-13 00:00:00.0,CYYLE,2010-12-18 00:00:00.0,135.0,C,CBOE,A,4.15,3.8,2.8,3.48,2.8,3.975,0.292477,0.292477,0.228608,0.008333,-0.008188,0.375746,0.327628,6,5514,134.99,,
2008-11-13 00:00:00.0,CYYLZ,2010-12-18 00:00:00.0,130.0,C,CBOE,A,5.05,4.7,3.55,4.85,3.3,4.875,0.299322,0.299322,0.263809,0.00882,-0.009106,0.408108,0.396949,41,8792,134.99,,
2008-11-14 00:00:00.0,CYYLE,2010-12-18 00:00:00.0,135.0,C,CBOE,A,3.7,3.25,4.05,4.05,4.05,3.475,0.307136,0.307136,0.207782,0.007936,-0.007601,0.336514,0.280473,10,5517,134.99,,
2008-11-14 00:00:00.0,CYYLZ,2010-12-18 00:00:00.0,130.0,C,CBOE,A,4.5,4.0,4.3,5.25,4.2,4.25,0.313757,0.313757,0.23994,0.008455,-0.008473,0.358761,0.340638,63,8806,134.99,,
2008-11-17 00:00:00.0,CYYLE,2010-12-18 00:00:00.0,135.0,C,CBOE,A,3.6,3.2,3.31,3.65,3.31,3.4,0.311913,0.311913,0.204692,0.007872,-0.00757,0.328185,0.270811,2,5517,134.99,,
2008-11-17 00:00:00.0,CYYLZ,2010-12-18 00:00:00.0,130.0,C,CBOE,A,4.3,3.95,,,,4.125,0.31773,0.31773,0.235335,0.008394,-0.008399,0.356624,0.328141,0,8790,134.99,,
2008-11-18 00:00:00.0,CYYLE,2010-12-18 00:00:00.0,135.0,C,CBOE,A,3.85,3.55,,,,3.6999998,0.311108,0.311108,0.21607,0.007992,-0.00797,0.345356,0.290416,0,5517,134.99,,
2008-11-18 00:00:00.0,CYYLZ,2010-12-18 00:00:00.0,130.0,C,CBOE,A,4.75,4.3,4.3,4.3,4.3,4.525,0.318388,0.318388,0.249824,0.008465,-0.008868,0.374379,0.330641,19,8790,134.99,,
2008-11-19 00:00:00.0,CYYLE,2010-12-18 00:00:00.0,135.0,C,CBOE,A,3.1,2.78,3.0,3.0,3.0,2.94,0.322241,0.322241,0.186126,0.007698,-0.007057,0.290341,0.232514,2,5517,134.99,,
2008-11-19 00:00:00.0,CYYLZ,2010-12-18 00:00:00.0,130.0,C,CBOE,A,3.8,3.55,4.0,4.0,3.55,3.675,0.331219,0.331219,0.219249,0.008286,-0.008041,0.331903,0.266156,51,8782,134.99,,
2008-11-20 00:00:00.0,CYYLE,2010-12-18 00:00:00.0,135.0,C,CBOE,A,2.25,1.84,2.8,2.85,2.55,2.045,0.327113,0.327113,0.146404,0.007056,-0.005595,0.245083,0.172145,66,5519,134.99,,
2008-11-20 00:00:00.0,CYYLZ,2010-12-18 00:00:00.0,130.0,C,CBOE,A,2.74,2.29,3.55,3.55,2.8,2.5149999,0.332365,0.332365,0.171929,0.007729,-0.006342,0.270727,0.198463,286,8640,134.99,,
2008-11-21 00:00:00.0,CYYLE,2010-12-18 00:00:00.0,135.0,C,CBOE,A,2.72,2.23,2.2,2.2,1.75,2.475,0.319484,0.319484,0.166399,0.007441,-0.006325,0.284994,0.205664,4,5560,134.99,,
2008-11-21 00:00:00.0,CYYLZ,2010-12-18 00:00:00.0,130.0,C,CBOE,A,3.3,2.85,2.25,2.9,2.25,3.0749998,0.326353,0.326353,0.196057,0.008092,-0.007195,0.311852,0.236853,30,8696,134.99,,
2008-11-24 00:00:00.0,CYYLE,2010-12-18 00:00:00.0,135.0,C,CBOE,A,3.5,3.1,2.65,2.65,2.65,3.3,0.315026,0.315026,0.200646,0.00792,-0.007543,0.327295,0.25998,10,5562,134.99,,
2008-11-24 00:00:00.0,CYYLZ,2010-12-18 00:00:00.0,130.0,C,CBOE,A,4.2,3.85,3.6,4.05,3.59,4.0249996,0.321103,0.321103,0.232561,0.008483,-0.008417,0.354177,0.294393,15,8690,134.99,,
2008-11-25 00:00:00.0,CYYLE,2010-12-18 00:00:00.0,135.0,C,CBOE,A,3.3,2.97,3.53,3.53,3.25,3.135,0.305709,0.305709,0.195169,0.007964,-0.007306,0.331326,0.257966,2,5562,134.99,,
2008-11-25 00:00:00.0,CYYLZ,2010-12-18 00:00:00.0,130.0,C,CBOE,A,4.1,3.7,3.9,4.0,3.9,3.9,0.313001,0.313001,0.229157,0.008564,-0.008257,0.357886,0.294568,51,8695,134.99,,
2008-11-26 00:00:00.0,CYYLE,2010-12-18 00:00:00.0,135.0,C,CBOE,A,4.05,3.55,3.4,3.6,3.4,3.8000002,0.303917,0.303917,0.221509,0.008299,-0.008269,0.37533,0.299822,76,5562,134.99,,
2008-11-26 00:00:00.0,CYYLZ,2010-12-18 00:00:00.0,130.0,C,CBOE,A,4.65,4.4,3.8,4.2,3.8,4.525,0.307468,0.307468,0.252747,0.008844,-0.009054,0.399792,0.334118,66,8660,134.99,,
2008-11-28 00:00:00.0,CYYLE,2010-12-18 00:00:00.0,135.0,C,CBOE,A,4.3,3.9,,,,4.1000004,0.308291,0.308291,0.231329,0.008307,-0.008616,0.373002,0.312823,0,5562,134.99,,
2008-11-28 00:00:00.0,CYYLZ,2010-12-18 00:00:00.0,130.0,C,CBOE,A,5.0,4.75,4.46,4.7,4.46,4.875,0.312348,0.312348,0.263279,0.008814,-0.009416,0.401214,0.349921,43,8663,134.99,,
2008-12-01 00:00:00.0,CYYLE,2010-12-18 00:00:00.0,135.0,C,CBOE,A,3.0,2.63,,,,2.815,0.318339,0.318339,0.180933,0.007658,-0.006907,0.285023,0.226105,0,5562,134.99,,
2008-12-01 00:00:00.0,CYYLZ,2010-12-18 00:00:00.0,130.0,C,CBOE,A,3.65,3.2,3.9,3.9,3.85,3.4250002,0.323622,0.323622,0.21006,0.008271,-0.00773,0.312937,0.255852,21,8652,134.99,,
2008-12-02 00:00:00.0,CYYLE,2010-12-18 00:00:00.0,135.0,C,CBOE,A,3.6,3.2,,,,3.4,0.31763,0.31763,0.204565,0.007959,-0.007789,0.326868,0.262513,0,5562,134.99,,
2008-12-02 00:00:00.0,CYYLZ,2010-12-18 00:00:00.0,130.0,C,CBOE,A,4.35,3.9,3.85,3.95,3.45,4.125,0.323372,0.323372,0.236211,0.008509,-0.008655,0.353154,0.296012,27,8637,134.99,,
2008-12-03 00:00:00.0,CYYLE,2010-12-18 00:00:00.0,135.0,C,CBOE,A,4.0,3.65,3.5,3.8,3.5,3.825,0.318723,0.318723,0.22018,0.008096,-0.00836,0.364368,0.286365,19,5562,134.99,,
2008-12-03 00:00:00.0,CYYLZ,2010-12-18 00:00:00.0,130.0,C,CBOE,A,4.85,4.45,3.9,4.4,3.9,4.6499996,0.32563,0.32563,0.253868,0.008594,-0.009285,0.391368,0.32417,12,8644,134.99,,
2008-12-04 00:00:00.0,CYYLE,2010-12-18 00:00:00.0,135.0,C,CBOE,A,3.9,3.45,3.86,4.0,3.86,3.6750002,0.327746,0.327746,0.213722,0.00794,-0.008192,0.340106,0.268649,135,5561,134.99,,
2008-12-04 00:00:00.0,CYYLZ,2010-12-18 00:00:00.0,130.0,C,CBOE,A,4.65,4.2,4.55,4.55,4.55,4.425,0.333637,0.333637,0.245214,0.008444,-0.009051,0.356621,0.303069,10,8655,134.99,,
2008-12-05 00:00:00.0,CYYLE,2010-12-18 00:00:00.0,135.0,C,CBOE,A,4.5,4.1,3.4,4.1,3.4,4.3,0.32862,0.32862,0.235726,0.008108,-0.009008,0.362876,0.303584,12,5503,134.99,,
2008-12-05 00:00:00.0,CYYLZ,2010-12-18 00:00:00.0,130.0,C,CBOE,A,5.4,4.95,3.85,5.1,3.85,5.175,0.335658,0.335658,0.269504,0.008546,-0.009929,0.389391,0.338476,12,8654,134.99,,
2008-12-08 00:00:00.0,CYYLE,2010-12-18 00:00:00.0,135.0,C,CBOE,A,5.25,4.95,4.7,5.2,4.65,5.1,0.330227,0.330227,0.261717,0.008252,-0.010003,0.404132,0.343624,50,5504,134.99,,
2008-12-08 00:00:00.0,CYYLZ,2010-12-18 00:00:00.0,130.0,C,CBOE,A,6.25,5.9,5.8,6.3,5.67,6.075,0.336971,0.336971,0.296421,0.008616,-0.010903,0.42978,0.379475,42,8653,134.99,,
2008-12-09 00:00:00.0,CYYLE,2010-12-18 00:00:00.0,135.0,C,CBOE,A,4.85,4.55,,,,4.7,0.330387,0.330387,0.248974,0.008187,-0.00956,0.39086,0.321686,0,5502,134.99,,
2008-12-09 00:00:00.0,CYYLZ,2010-12-18 00:00:00.0,130.0,C,CBOE,A,5.8,5.45,,,,5.625,0.337339,0.337339,0.283207,0.008585,-0.010476,0.420819,0.357247,0,8652,134.99,,
2008-12-10 00:00:00.0,CYYLE,2010-12-18 00:00:00.0,135.0,C,CBOE,A,4.8,4.5,4.6,4.6,4.6,4.65,0.324842,0.324842,0.232487,0.007143,-0.007605,0.380437,0.329115,5,5502,134.99,,
2008-12-10 00:00:00.0,CYYLZ,2010-12-18 00:00:00.0,130.0,C,CBOE,A,5.75,5.45,5.66,5.66,5.66,5.6,0.332388,0.332388,0.265096,0.007464,-0.008266,0.40674,0.369263,1,8652,134.99,,
2008-12-11 00:00:00.0,CYYLE,2010-12-18 00:00:00.0,135.0,C,CBOE,A,4.05,3.65,4.0,4.0,4.0,3.8500001,0.317881,0.317881,0.206888,0.007011,-0.00676,0.347531,0.289232,16,5507,134.99,,
2008-12-11 00:00:00.0,CYYLZ,2010-12-18 00:00:00.0,130.0,C,CBOE,A,4.85,4.45,5.25,5.25,5.25,4.6499996,0.324057,0.324057,0.237387,0.007418,-0.007385,0.374875,0.327184,10,8651,134.99,,
2008-12-12 00:00:00.0,CYYLE,2010-12-18 00:00:00.0,135.0,C,CBOE,A,4.25,3.75,3.5,3.6,3.5,4.0,0.316356,0.316356,0.212025,0.007063,-0.006882,0.356322,0.299399,4,5491,134.99,,
2008-12-12 00:00:00.0,CYYLZ,2010-12-18 00:00:00.0,130.0,C,CBOE,A,5.1,4.55,,,,4.825,0.322503,0.322503,0.242934,0.007459,-0.007502,0.383616,0.338175,0,8651,134.99,,
2008-12-15 00:00:00.0,CYYLE,2010-12-18 00:00:00.0,135.0,C,CBOE,A,3.9,3.5,,,,3.7,0.316263,0.316263,0.201844,0.006986,-0.006609,0.341169,0.281005,0,5491,134.99,,
2008-12-15 00:00:00.0,CYYLZ,2010-12-18 00:00:00.0,130.0,C,CBOE,A,4.75,4.3,,,,4.525,0.323554,0.323554,0.233448,0.007406,-0.007285,0.370025,0.320076,0,8651,134.99,,
2008-12-16 00:00:00.0,CYYLE,2010-12-18 00:00:00.0,135.0,C,CBOE,A,4.45,4.0,3.75,4.0,3.75,4.225,0.30954,0.30954,0.219224,0.007134,-0.006895,0.373327,0.318782,6,5491,134.99,,
2008-12-16 00:00:00.0,CYYLZ,2010-12-18 00:00:00.0,130.0,C,CBOE,A,5.35,4.95,4.85,4.85,4.85,5.1499996,0.316863,0.316863,0.252393,0.007507,-0.007541,0.402174,0.361292,2,8651,134.99,,
2008-12-17 00:00:00.0,CYYLE,2010-12-18 00:00:00.0,135.0,C,CBOE,A,4.2,3.85,4.1,4.1,4.1,4.0249996,0.308313,0.308313,0.213332,0.007136,-0.006783,0.364308,0.307722,5,5496,134.99,,
2008-12-17 00:00:00.0,CYYLZ,2010-12-18 00:00:00.0,130.0,C,CBOE,A,5.05,4.7,5.1,5.1,5.0,4.875,0.314409,0.314409,0.245088,0.007542,-0.007397,0.392633,0.348511,41,8653,134.99,,
2008-12-18 00:00:00.0,CYYLE,2010-12-18 00:00:00.0,135.0,C,CBOE,A,3.7,3.15,3.68,3.68,3.68,3.4250002,0.29628,0.29628,0.207523,0.008236,-0.007776,0.355288,0.27874,10,5436,134.99,,
2008-12-18 00:00:00.0,CYYLZ,2010-12-18 00:00:00.0,130.0,C,CBOE,A,4.5,3.95,4.95,4.95,4.95,4.225,0.302519,0.302519,0.242276,0.008835,-0.00872,0.387277,0.317307,860,8694,134.99,,
2008-12-19 00:00:00.0,CYYLE,2010-12-18 00:00:00.0,135.0,C,CBOE,A,3.3,2.82,3.2,3.2,3.2,3.06,0.292695,0.292695,0.182349,0.007121,-0.005932,0.323321,0.259714,5,5436,134.99,,
2008-12-19 00:00:00.0,CYYLZ,2010-12-18 00:00:00.0,130.0,C,CBOE,A,3.95,3.4,3.9,3.9,3.9,3.6750002,0.295344,0.295344,0.21,0.007674,-0.006471,0.351571,0.296084,6,9513,134.99,,
2008-12-22 00:00:00.0,CYYLE,2010-12-18 00:00:00.0,135.0,C,CBOE,A,2.91,2.5,2.8,2.8,2.65,2.705,0.287262,0.287262,0.169128,0.007032,-0.005551,0.304137,0.238739,8,5437,134.99,,
2008-12-22 00:00:00.0,CYYLZ,2010-12-18 00:00:00.0,130.0,C,CBOE,A,3.5,3.15,,,,3.325,0.291361,0.291361,0.19795,0.007634,-0.006167,0.334869,0.276266,0,9507,134.99,,
2008-12-23 00:00:00.0,CYYLE,2010-12-18 00:00:00.0,135.0,C,CBOE,A,2.71,2.4,,,,2.555,0.289431,0.289431,0.161899,0.006852,-0.005306,0.292005,0.226011,0,5443,134.99,,
2008-12-23 00:00:00.0,CYYLZ,2010-12-18 00:00:00.0,130.0,C,CBOE,A,3.4,3.0,3.13,3.13,3.13,3.2,0.295231,0.295231,0.191757,0.00746,-0.005977,0.324309,0.264246,5,9507,134.99,,
2008-12-24 00:00:00.0,CYYLE,2010-12-18 00:00:00.0,135.0,C,CBOE,A,2.75,2.38,2.47,2.47,2.47,2.565,0.288922,0.288922,0.172146,0.007821,-0.006469,0.293784,0.226715,7,5443,134.99,,
2008-12-24 00:00:00.0,CYYLZ,2010-12-18 00:00:00.0,130.0,C,CBOE,A,3.45,3.1,3.25,3.25,3.15,3.275,0.296615,0.296615,0.206553,0.008559,-0.007476,0.344343,0.264363,33,9507,134.99,,
2008-12-26 00:00:00.0,CYYLE,2010-12-18 00:00:00.0,135.0,C,CBOE,A,2.76,2.43,,,,2.595,0.28627,0.28627,0.163865,0.006913,-0.005334,0.296984,0.230867,0,5443,134.99,,
2008-12-26 00:00:00.0,CYYLZ,2010-12-18 00:00:00.0,130.0,C,CBOE,A,3.45,3.1,3.3,3.3,3.22,3.275,0.292669,0.292669,0.19493,0.007525,-0.006032,0.330512,0.27092,22,9530,134.99,,
2008-12-29 00:00:00.0,CYYLE,2010-12-18 00:00:00.0,135.0,C,CBOE,A,2.75,2.25,,,,2.5,0.283641,0.283641,0.160638,0.00693,-0.005275,0.292055,0.225453,0,5443,134.99,,
2008-12-29 00:00:00.0,CYYLZ,2010-12-18 00:00:00.0,130.0,C,CBOE,A,3.45,2.94,3.0,3.0,3.0,3.1950002,0.290848,0.290848,0.192701,0.007566,-0.006022,0.32698,0.266597,2,9552,134.99,,
2008-12-30 00:00:00.0,CYYLE,2010-12-18 00:00:00.0,135.0,C,CBOE,A,2.9,2.6,,,,2.75,0.28198,0.28198,0.171043,0.007086,-0.005517,0.310695,0.244914,0,5443,134.99,,
2008-12-30 00:00:00.0,CYYLZ,2010-12-18 00:00:00.0,130.0,C,CBOE,A,3.65,3.35,,,,3.5,0.289227,0.289227,0.204235,0.007691,-0.00626,0.34587,0.288191,0,9550,134.99,,
2008-12-31 00:00:00.0,CYYLE,2010-12-18 00:00:00.0,135.0,C,CBOE,A,2.78,2.55,2.79,2.85,2.75,2.665,0.27494,0.27494,0.167678,0.007073,-0.005272,0.310624,0.244543,42,5443,134.99,,
2008-12-31 00:00:00.0,CYYLZ,2010-12-18 00:00:00.0,130.0,C,CBOE,A,3.5,3.25,3.45,3.6,3.45,3.375,0.280977,0.280977,0.199926,0.007704,-0.005952,0.345767,0.287701,14,9550,134.99,,
2009-01-02 00:00:00.0,CYYLE,2010-12-18 00:00:00.0,135.0,C,CBOE,A,3.4,3.1,2.94,2.94,2.94,3.25,0.276515,0.276515,0.203516,0.008496,-0.007485,0.368795,0.282291,121,5421,134.99,,
2009-01-02 00:00:00.0,CYYLZ,2010-12-18 00:00:00.0,130.0,C,CBOE,A,4.25,3.9,3.75,4.2,3.75,4.075,0.282417,0.282417,0.240529,0.009181,-0.008461,0.396796,0.325666,242,9550,134.99,,
2009-01-05 00:00:00.0,CYYLE,2010-12-18 00:00:00.0,135.0,C,CBOE,A,3.3,3.1,,,,3.1999998,0.273125,0.273125,0.191649,0.007567,-0.006085,0.347078,0.284295,0,5324,134.99,,
2009-01-05 00:00:00.0,CYYLZ,2010-12-18 00:00:00.0,130.0,C,CBOE,A,4.15,3.95,,,,4.05,0.280044,0.280044,0.227387,0.008143,-0.006841,0.382935,0.332376,0,9740,134.99,,
2009-01-06 00:00:00.0,CYYLE,2010-12-18 00:00:00.0,135.0,C,CBOE,A,3.35,3.1,,,,3.225,0.273327,0.273327,0.20323,0.008556,-0.007477,0.369162,0.282635,0,5324,134.99,,
2009-01-06 00:00:00.0,CYYLZ,2010-12-18 00:00:00.0,130.0,C,CBOE,A,4.25,3.95,4.4,4.4,4.4,4.1,0.280348,0.280348,0.242103,0.009246,-0.008522,0.397739,0.328602,36,9740,134.99,,
2009-01-07 00:00:00.0,CYYLE,2010-12-18 00:00:00.0,135.0,C,CBOE,A,2.92,2.63,,,,2.775,0.274759,0.274759,0.173379,0.007237,-0.005549,0.317549,0.251457,0,5324,134.99,,
2009-01-07 00:00:00.0,CYYLZ,2010-12-18 00:00:00.0,130.0,C,CBOE,A,3.65,3.4,,,,3.525,0.28127,0.28127,0.206877,0.007862,-0.006275,0.353128,0.295887,0,9733,134.99,,
2009-01-08 00:00:00.0,CYYLE,2010-12-18 00:00:00.0,135.0,C,CBOE,A,2.87,2.61,,,,2.7399998,0.272684,0.272684,0.171981,0.007229,-0.005464,0.316905,0.250557,0,5324,134.99,,
2009-01-08 00:00:00.0,CYYLZ,2010-12-18 00:00:00.0,130.0,C,CBOE,A,3.65,3.35,3.2,3.6,3.2,3.5,0.279503,0.279503,0.205961,0.007862,-0.006198,0.353279,0.295822,66,9733,134.99,,
2009-01-09 00:00:00.0,CYYLE,2010-12-18 00:00:00.0,135.0,C,CBOE,A,2.49,2.3,2.44,2.44,2.44,2.395,0.274327,0.274327,0.156198,0.006904,-0.004989,0.291163,0.223154,10,5324,134.99,,
2009-01-09 00:00:00.0,CYYLZ,2010-12-18 00:00:00.0,130.0,C,CBOE,A,3.25,2.91,3.2,3.2,3.1,3.08,0.281088,0.281088,0.188425,0.007576,-0.005705,0.327402,0.265499,2,9737,134.99,,
2009-01-12 00:00:00.0,CYYLE,2010-12-18 00:00:00.0,135.0,C,CBOE,A,2.36,2.12,2.2,2.2,2.2,2.2399998,0.27934,0.27934,0.149284,0.006769,-0.004916,0.275726,0.207154,50,5324,134.99,,
2009-01-12 00:00:00.0,CYYLZ,2010-12-18 00:00:00.0,130.0,C,CBOE,A,3.05,2.76,2.95,2.95,2.9,2.905,0.286826,0.286826,0.181224,0.007458,-0.005674,0.311924,0.247893,20,9739,134.99,,
2009-01-13 00:00:00.0,CYYLE,2010-12-18 00:00:00.0,135.0,C,CBOE,A,2.25,2.01,2.2,2.2,2.1,2.13,0.275135,0.275135,0.144616,0.006724,-0.004735,0.270365,0.201608,11,5374,134.99,,
2009-01-13 00:00:00.0,CYYLZ,2010-12-18 00:00:00.0,130.0,C,CBOE,A,2.88,2.56,,,,2.72,0.280617,0.280617,0.174238,0.007433,-0.005409,0.304853,0.239942,0,9749,134.99,,
2009-01-14 00:00:00.0,CYYLE,2010-12-18 00:00:00.0,135.0,C,CBOE,A,1.96,1.73,,,,1.845,0.281976,0.281976,0.138013,0.007224,-0.005288,0.245305,0.176434,0,5363,134.99,,
2009-01-14 00:00:00.0,CYYLZ,2010-12-18 00:00:00.0,130.0,C,CBOE,A,2.51,2.28,2.6,2.6,2.5,2.395,0.288337,0.288337,0.168707,0.008094,-0.006207,0.278986,0.210327,1002,9749,134.99,,
2009-01-15 00:00:00.0,CYYLE,2010-12-18 00:00:00.0,135.0,C,CBOE,A,1.96,1.71,1.84,1.84,1.76,1.835,0.281463,0.281463,0.137585,0.007223,-0.005278,0.245431,0.175797,69,5363,134.99,,
2009-01-15 00:00:00.0,CYYLZ,2010-12-18 00:00:00.0,130.0,C,CBOE,A,2.5,2.27,2.51,2.51,2.25,2.385,0.287851,0.287851,0.168337,0.008097,-0.0062,0.277695,0.209906,29,9923,134.99,,
2009-01-16 00:00:00.0,CYYLE,2010-12-18 00:00:00.0,135.0,C,CBOE,A,1.96,1.7,,,,1.83,0.27769,0.27769,0.137707,0.007271,-0.005265,0.246793,0.177565,0,5369,134.99,,
2009-01-16 00:00:00.0,CYYLZ,2010-12-18 00:00:00.0,130.0,C,CBOE,A,2.55,2.27,,,,2.4099998,0.284957,0.284957,0.169925,0.008169,-0.006241,0.285013,0.213188,0,10168,134.99,,
2009-01-20 00:00:00.0,CYYLE,2010-12-18 00:00:00.0,135.0,C,CBOE,A,1.71,1.4,1.65,1.65,1.6,1.5550001,0.291828,0.291828,0.121923,0.006745,-0.004786,0.213823,0.147603,16,5369,134.99,,
2009-01-20 00:00:00.0,CYYLZ,2010-12-18 00:00:00.0,130.0,C,CBOE,A,2.18,2.0,,,,2.0900002,0.301218,0.301218,0.152822,0.007656,-0.005795,0.262806,0.181031,0,9163,134.99,,
2009-01-21 00:00:00.0,CYYLE,2010-12-18 00:00:00.0,135.0,C,CBOE,A,1.78,1.56,,,,1.67,0.277734,0.277734,0.129309,0.007076,-0.004998,0.24376,0.163995,0,5383,134.99,,
2009-01-21 00:00:00.0,CYYLZ,2010-12-18 00:00:00.0,130.0,C,CBOE,A,2.3,2.1,2.05,2.23,1.85,2.1999998,0.284214,0.284214,0.159896,0.007991,-0.005923,0.271303,0.199059,15,9163,134.99,,
2009-01-22 00:00:00.0,CYYLE,2010-12-18 00:00:00.0,135.0,C,CBOE,A,1.62,1.38,1.52,1.52,1.52,1.5,0.277031,0.277031,0.119968,0.006834,-0.004651,0.217036,0.150875,25,5383,134.99,,
2009-01-22 00:00:00.0,CYYLZ,2010-12-18 00:00:00.0,130.0,C,CBOE,A,2.17,1.86,,,,2.015,0.285127,0.285127,0.150618,0.007795,-0.00563,0.268451,0.184842,0,9167,134.99,,
2009-01-23 00:00:00.0,CYYLE,2010-12-18 00:00:00.0,135.0,C,CBOE,A,1.58,1.3,1.33,1.42,1.33,1.44,0.272435,0.272435,0.116916,0.006794,-0.004518,0.213635,0.148542,11,5383,134.99,,
2009-01-23 00:00:00.0,CYYLZ,2010-12-18 00:00:00.0,130.0,C,CBOE,A,2.06,1.77,1.96,1.96,1.94,1.915,0.279029,0.279029,0.146052,0.007766,-0.005427,0.258008,0.180217,13,9167,134.99,,
