t_date,option_symbol,expiration_date,price_strike,call_put,exchange,style,Ask,Bid,price_open,price_high,price_low,price,volume,openinterest,start_date_forward_price,option_id,comment
2014-01-24 00:00:00.0,SPY   161216C00178000,2016-12-16 00:00:00.0,178.0,C,CBOE,A,19.96,19.16,,,,19.56,0,20,178.6,99935232,
2014-01-24 00:00:00.0,SPY   161216C00179000,2016-12-16 00:00:00.0,179.0,C,CBOE,A,19.46,18.66,,,,19.06,0,10,178.6,99935230,
2014-01-27 00:00:00.0,SPY   161216C00178000,2016-12-16 00:00:00.0,178.0,C,CBOE,A,19.63,18.25,,,,18.939999,0,20,178.6,99935232,
2014-01-27 00:00:00.0,SPY   161216C00179000,2016-12-16 00:00:00.0,179.0,C,CBOE,A,19.14,17.75,20.0,20.0,19.04,18.445,2,10,178.6,99935230,
2014-01-28 00:00:00.0,SPY   161216C00178000,2016-12-16 00:00:00.0,178.0,C,CBOE,A,20.85,19.15,,,,20.0,0,20,178.6,99935232,
2014-01-28 00:00:00.0,SPY   161216C00179000,2016-12-16 00:00:00.0,179.0,C,CBOE,A,19.8,18.2,,,,19.0,0,12,178.6,99935230,
2014-01-29 00:00:00.0,SPY   161216C00178000,2016-12-16 00:00:00.0,178.0,C,CBOE,A,19.65,17.27,19.22,19.26,18.77,18.46,46,20,178.6,99935232,
2014-01-29 00:00:00.0,SPY   161216C00179000,2016-12-16 00:00:00.0,179.0,C,CBOE,A,19.15,16.78,18.78,18.78,18.78,17.965,2,12,178.6,99935230,
2014-01-30 00:00:00.0,SPY   161216C00178000,2016-12-16 00:00:00.0,178.0,C,CBOE,A,20.18,18.61,,,,19.395,0,56,178.6,99935232,
2014-01-30 00:00:00.0,SPY   161216C00179000,2016-12-16 00:00:00.0,179.0,C,CBOE,A,19.68,18.11,,,,18.895,0,13,178.6,99935230,
2014-01-31 00:00:00.0,SPY   161216C00178000,2016-12-16 00:00:00.0,178.0,C,CBOE,A,20.05,18.15,19.03,19.03,19.03,19.099998,1,56,178.6,99935232,
2014-01-31 00:00:00.0,SPY   161216C00179000,2016-12-16 00:00:00.0,179.0,C,CBOE,A,19.58,17.62,18.54,18.65,18.54,18.6,12,13,178.6,99935230,
2014-02-03 00:00:00.0,SPY   161216C00178000,2016-12-16 00:00:00.0,178.0,C,CBOE,A,17.36,16.55,17.95,17.95,17.66,16.955,102,57,178.6,99935232,
2014-02-03 00:00:00.0,SPY   161216C00179000,2016-12-16 00:00:00.0,179.0,C,CBOE,A,16.9,16.14,16.8,16.8,16.8,16.52,13,25,178.6,99935230,
2014-02-04 00:00:00.0,SPY   161216C00178000,2016-12-16 00:00:00.0,178.0,C,CBOE,A,17.6,17.08,,,,17.34,0,139,178.6,99935232,
2014-02-04 00:00:00.0,SPY   161216C00179000,2016-12-16 00:00:00.0,179.0,C,CBOE,A,17.13,16.6,,,,16.865,0,38,178.6,99935230,
2014-02-05 00:00:00.0,SPY   161216C00178000,2016-12-16 00:00:00.0,178.0,C,CBOE,A,17.65,17.0,,,,17.325,0,139,178.6,99935232,
2014-02-05 00:00:00.0,SPY   161216C00179000,2016-12-16 00:00:00.0,179.0,C,CBOE,A,17.15,16.52,,,,16.835,0,38,178.6,99935230,
2014-02-06 00:00:00.0,SPY   161216C00178000,2016-12-16 00:00:00.0,178.0,C,CBOE,A,18.65,17.55,,,,18.099998,0,139,178.6,99935232,
2014-02-06 00:00:00.0,SPY   161216C00179000,2016-12-16 00:00:00.0,179.0,C,CBOE,A,18.16,17.06,,,,17.61,0,38,178.6,99935230,
2014-02-07 00:00:00.0,SPY   161216C00178000,2016-12-16 00:00:00.0,178.0,C,CBOE,A,19.51,18.91,18.71,18.86,18.71,19.21,6,139,178.6,99935232,
2014-02-07 00:00:00.0,SPY   161216C00179000,2016-12-16 00:00:00.0,179.0,C,CBOE,A,19.01,18.43,,,,18.720001,0,38,178.6,99935230,
2014-02-10 00:00:00.0,SPY   161216C00178000,2016-12-16 00:00:00.0,178.0,C,CBOE,A,19.59,19.06,,,,19.325,0,144,178.6,99935232,
2014-02-10 00:00:00.0,SPY   161216C00179000,2016-12-16 00:00:00.0,179.0,C,CBOE,A,19.09,18.56,,,,18.825,0,38,178.6,99935230,
2014-02-11 00:00:00.0,SPY   161216C00178000,2016-12-16 00:00:00.0,178.0,C,CBOE,A,20.65,20.13,20.42,20.42,20.42,20.39,10,144,178.6,99935232,
2014-02-11 00:00:00.0,SPY   161216C00179000,2016-12-16 00:00:00.0,179.0,C,CBOE,A,20.13,19.61,,,,19.869999,0,38,178.6,99935230,
2014-02-12 00:00:00.0,SPY   161216C00178000,2016-12-16 00:00:00.0,178.0,C,CBOE,A,20.83,20.25,20.71,20.71,20.45,20.54,3,144,178.6,99935232,
2014-02-12 00:00:00.0,SPY   161216C00179000,2016-12-16 00:00:00.0,179.0,C,CBOE,A,20.29,19.76,,,,20.025002,0,38,178.6,99935230,
2014-02-13 00:00:00.0,SPY   161216C00178000,2016-12-16 00:00:00.0,178.0,C,CBOE,A,21.2,20.65,,,,20.925,0,144,178.6,99935232,
2014-02-13 00:00:00.0,SPY   161216C00179000,2016-12-16 00:00:00.0,179.0,C,CBOE,A,20.67,20.18,,,,20.425,0,38,178.6,99935230,
2014-02-14 00:00:00.0,SPY   161216C00178000,2016-12-16 00:00:00.0,178.0,C,CBOE,A,21.98,21.2,,,,21.59,0,144,178.6,99935232,
2014-02-14 00:00:00.0,SPY   161216C00179000,2016-12-16 00:00:00.0,179.0,C,CBOE,A,21.35,20.65,,,,21.0,0,38,178.6,99935230,
2014-02-18 00:00:00.0,SPY   161216C00178000,2016-12-16 00:00:00.0,178.0,C,CBOE,A,21.72,21.35,,,,21.535,0,144,178.6,99935232,
2014-02-18 00:00:00.0,SPY   161216C00179000,2016-12-16 00:00:00.0,179.0,C,CBOE,A,21.22,20.8,,,,21.009998,0,38,178.6,99935230,
2014-02-19 00:00:00.0,SPY   161216C00178000,2016-12-16 00:00:00.0,178.0,C,CBOE,A,21.16,20.55,,,,20.855,0,144,178.6,99935232,
2014-02-19 00:00:00.0,SPY   161216C00179000,2016-12-16 00:00:00.0,179.0,C,CBOE,A,20.51,20.02,,,,20.265,0,38,178.6,99935230,
2014-02-20 00:00:00.0,SPY   161216C00178000,2016-12-16 00:00:00.0,178.0,C,CBOE,A,21.99,20.91,,,,21.45,0,144,178.6,99935232,
2014-02-20 00:00:00.0,SPY   161216C00179000,2016-12-16 00:00:00.0,179.0,C,CBOE,A,21.45,20.12,,,,20.785,0,38,178.6,99935230,
2014-02-21 00:00:00.0,SPY   161216C00178000,2016-12-16 00:00:00.0,178.0,C,CBOE,A,21.75,20.29,,,,21.02,0,144,178.6,99935232,
2014-02-21 00:00:00.0,SPY   161216C00179000,2016-12-16 00:00:00.0,179.0,C,CBOE,A,21.2,19.75,,,,20.475,0,38,178.6,99935230,
2014-02-24 00:00:00.0,SPY   161216C00178000,2016-12-16 00:00:00.0,178.0,C,CBOE,A,22.24,20.56,,,,21.4,0,144,178.6,99935232,
2014-02-24 00:00:00.0,SPY   161216C00179000,2016-12-16 00:00:00.0,179.0,C,CBOE,A,21.69,20.02,,,,20.855,0,38,178.6,99935230,
2014-02-25 00:00:00.0,SPY   161216C00178000,2016-12-16 00:00:00.0,178.0,C,CBOE,A,21.93,20.89,,,,21.41,0,144,178.6,99935232,
2014-02-25 00:00:00.0,SPY   161216C00179000,2016-12-16 00:00:00.0,179.0,C,CBOE,A,21.38,20.37,,,,20.875,0,38,178.6,99935230,
2014-02-26 00:00:00.0,SPY   161216C00178000,2016-12-16 00:00:00.0,178.0,C,CBOE,A,21.52,21.05,,,,21.285,0,144,178.6,99935232,
2014-02-26 00:00:00.0,SPY   161216C00179000,2016-12-16 00:00:00.0,179.0,C,CBOE,A,20.97,20.51,,,,20.74,0,38,178.6,99935230,
2014-02-27 00:00:00.0,SPY   161216C00178000,2016-12-16 00:00:00.0,178.0,C,CBOE,A,22.46,21.43,,,,21.945,0,144,178.6,99935232,
2014-02-27 00:00:00.0,SPY   161216C00179000,2016-12-16 00:00:00.0,179.0,C,CBOE,A,21.84,20.88,,,,21.36,0,38,178.6,99935230,
2014-02-28 00:00:00.0,SPY   161216C00178000,2016-12-16 00:00:00.0,178.0,C,CBOE,A,23.72,21.48,,,,22.599998,0,144,178.6,99935232,
2014-02-28 00:00:00.0,SPY   161216C00179000,2016-12-16 00:00:00.0,179.0,C,CBOE,A,23.1,20.91,,,,22.005001,0,38,178.6,99935230,
2014-03-03 00:00:00.0,SPY   161216C00178000,2016-12-16 00:00:00.0,178.0,C,CBOE,A,21.88,21.22,,,,21.55,0,144,178.6,99935232,
2014-03-03 00:00:00.0,SPY   161216C00179000,2016-12-16 00:00:00.0,179.0,C,CBOE,A,21.31,20.63,,,,20.97,0,38,178.6,99935230,
2014-03-04 00:00:00.0,SPY   161216C00178000,2016-12-16 00:00:00.0,178.0,C,CBOE,A,23.34,22.71,,,,23.025,0,144,178.6,99935232,
2014-03-04 00:00:00.0,SPY   161216C00179000,2016-12-16 00:00:00.0,179.0,C,CBOE,A,22.77,22.17,,,,22.470001,0,38,178.6,99935230,
2014-03-05 00:00:00.0,SPY   161216C00178000,2016-12-16 00:00:00.0,178.0,C,CBOE,A,23.24,23.01,,,,23.125,0,144,178.6,99935232,
2014-03-05 00:00:00.0,SPY   161216C00179000,2016-12-16 00:00:00.0,179.0,C,CBOE,A,22.8,22.26,,,,22.529999,0,38,178.6,99935230,
2014-03-06 00:00:00.0,SPY   161216C00178000,2016-12-16 00:00:00.0,178.0,C,CBOE,A,23.87,23.23,,,,23.55,0,144,178.6,99935232,
2014-03-06 00:00:00.0,SPY   161216C00179000,2016-12-16 00:00:00.0,179.0,C,CBOE,A,23.36,22.65,,,,23.005001,0,38,178.6,99935230,
2014-03-07 00:00:00.0,SPY   161216C00178000,2016-12-16 00:00:00.0,178.0,C,CBOE,A,24.21,23.32,,,,23.765,0,144,178.6,99935232,
2014-03-07 00:00:00.0,SPY   161216C00179000,2016-12-16 00:00:00.0,179.0,C,CBOE,A,23.63,22.77,,,,23.2,0,38,178.6,99935230,
2014-03-10 00:00:00.0,SPY   161216C00178000,2016-12-16 00:00:00.0,178.0,C,CBOE,A,23.84,23.39,,,,23.615,0,144,178.6,99935232,
2014-03-10 00:00:00.0,SPY   161216C00179000,2016-12-16 00:00:00.0,179.0,C,CBOE,A,23.25,22.8,,,,23.025,0,38,178.6,99935230,
2014-03-11 00:00:00.0,SPY   161216C00178000,2016-12-16 00:00:00.0,178.0,C,CBOE,A,23.38,22.79,,,,23.085,0,144,178.6,99935232,
2014-03-11 00:00:00.0,SPY   161216C00179000,2016-12-16 00:00:00.0,179.0,C,CBOE,A,22.76,22.25,,,,22.505001,0,38,178.6,99935230,
2014-03-12 00:00:00.0,SPY   161216C00178000,2016-12-16 00:00:00.0,178.0,C,CBOE,A,23.11,22.77,,,,22.94,0,144,178.6,99935232,
2014-03-12 00:00:00.0,SPY   161216C00179000,2016-12-16 00:00:00.0,179.0,C,CBOE,A,22.56,22.24,,,,22.4,0,38,178.6,99935230,
2014-03-13 00:00:00.0,SPY   161216C00178000,2016-12-16 00:00:00.0,178.0,C,CBOE,A,22.17,21.57,21.86,21.86,21.86,21.869999,2,144,178.6,99935232,
2014-03-13 00:00:00.0,SPY   161216C00179000,2016-12-16 00:00:00.0,179.0,C,CBOE,A,21.62,21.02,,,,21.32,0,38,178.6,99935230,
2014-03-14 00:00:00.0,SPY   161216C00178000,2016-12-16 00:00:00.0,178.0,C,CBOE,A,22.02,21.31,,,,21.665,0,142,178.6,99935232,
2014-03-14 00:00:00.0,SPY   161216C00179000,2016-12-16 00:00:00.0,179.0,C,CBOE,A,21.43,20.74,,,,21.085,0,38,178.6,99935230,
2014-03-17 00:00:00.0,SPY   161216C00178000,2016-12-16 00:00:00.0,178.0,C,CBOE,A,22.44,22.02,,,,22.23,0,142,178.6,99935232,
2014-03-17 00:00:00.0,SPY   161216C00179000,2016-12-16 00:00:00.0,179.0,C,CBOE,A,21.88,21.47,,,,21.675,0,38,178.6,99935230,
2014-03-18 00:00:00.0,SPY   161216C00178000,2016-12-16 00:00:00.0,178.0,C,CBOE,A,23.25,22.54,,,,22.895,0,142,178.6,99935232,
2014-03-18 00:00:00.0,SPY   161216C00179000,2016-12-16 00:00:00.0,179.0,C,CBOE,A,22.68,21.98,,,,22.33,0,38,178.6,99935230,
2014-03-19 00:00:00.0,SPY   161216C00178000,2016-12-16 00:00:00.0,178.0,C,CBOE,A,22.72,22.16,,,,22.439999,0,142,178.6,99935232,
2014-03-19 00:00:00.0,SPY   161216C00179000,2016-12-16 00:00:00.0,179.0,C,CBOE,A,22.14,21.61,,,,21.875,0,38,178.6,99935230,
2014-03-20 00:00:00.0,SPY   161216C00178000,2016-12-16 00:00:00.0,178.0,C,CBOE,A,23.56,22.5,,,,23.029999,0,142,178.6,99935232,
2014-03-20 00:00:00.0,SPY   161216C00179000,2016-12-16 00:00:00.0,179.0,C,CBOE,A,22.99,21.94,,,,22.465,0,38,178.6,99935230,
2014-03-21 00:00:00.0,SPY   161216C00178000,2016-12-16 00:00:00.0,178.0,C,CBOE,A,22.9,22.25,,,,22.575,0,142,178.6,99935232,
2014-03-21 00:00:00.0,SPY   161216C00179000,2016-12-16 00:00:00.0,179.0,C,CBOE,A,22.33,21.7,,,,22.015,0,38,178.6,99935230,
2014-03-24 00:00:00.0,SPY   161216C00178000,2016-12-16 00:00:00.0,178.0,C,CBOE,A,22.42,21.79,,,,22.105,0,142,178.6,99935232,
2014-03-24 00:00:00.0,SPY   161216C00179000,2016-12-16 00:00:00.0,179.0,C,CBOE,A,21.85,21.24,,,,21.545,0,38,178.6,99935230,
2014-03-25 00:00:00.0,SPY   161216C00178000,2016-12-16 00:00:00.0,178.0,C,CBOE,A,22.9,22.48,,,,22.689999,0,142,178.6,99935232,
2014-03-25 00:00:00.0,SPY   161216C00179000,2016-12-16 00:00:00.0,179.0,C,CBOE,A,22.28,21.92,,,,22.1,0,38,178.6,99935230,
2014-03-26 00:00:00.0,SPY   161216C00178000,2016-12-16 00:00:00.0,178.0,C,CBOE,A,21.91,21.14,,,,21.525,0,142,178.6,99935232,
2014-03-26 00:00:00.0,SPY   161216C00179000,2016-12-16 00:00:00.0,179.0,C,CBOE,A,21.35,20.59,,,,20.970001,0,38,178.6,99935230,
2014-03-27 00:00:00.0,SPY   161216C00178000,2016-12-16 00:00:00.0,178.0,C,CBOE,A,21.71,21.12,,,,21.415,0,142,178.6,99935232,
2014-03-27 00:00:00.0,SPY   161216C00179000,2016-12-16 00:00:00.0,179.0,C,CBOE,A,21.22,20.59,,,,20.904999,0,38,178.6,99935230,
2014-03-28 00:00:00.0,SPY   161216C00178000,2016-12-16 00:00:00.0,178.0,C,CBOE,A,22.29,21.48,,,,21.885,0,142,178.6,99935232,
2014-03-28 00:00:00.0,SPY   161216C00179000,2016-12-16 00:00:00.0,179.0,C,CBOE,A,21.72,20.92,,,,21.32,0,38,178.6,99935230,
2014-03-31 00:00:00.0,SPY   161216C00178000,2016-12-16 00:00:00.0,178.0,C,CBOE,A,22.91,22.29,,,,22.6,0,142,178.6,99935232,
2014-03-31 00:00:00.0,SPY   161216C00179000,2016-12-16 00:00:00.0,179.0,C,CBOE,A,22.44,21.63,,,,22.035,0,38,178.6,99935230,
2014-04-01 00:00:00.0,SPY   161216C00178000,2016-12-16 00:00:00.0,178.0,C,CBOE,A,23.74,23.2,,,,23.470001,0,142,178.6,99935232,
2014-04-01 00:00:00.0,SPY   161216C00179000,2016-12-16 00:00:00.0,179.0,C,CBOE,A,23.16,22.63,,,,22.895,0,38,178.6,99935230,
2014-04-02 00:00:00.0,SPY   161216C00178000,2016-12-16 00:00:00.0,178.0,C,CBOE,A,24.16,23.54,,,,23.85,0,142,178.6,99935232,
2014-04-02 00:00:00.0,SPY   161216C00179000,2016-12-16 00:00:00.0,179.0,C,CBOE,A,23.58,23.03,,,,23.305,0,38,178.6,99935230,
2014-04-03 00:00:00.0,SPY   161216C00178000,2016-12-16 00:00:00.0,178.0,C,CBOE,A,24.03,23.4,,,,23.715,0,142,178.6,99935232,
2014-04-03 00:00:00.0,SPY   161216C00179000,2016-12-16 00:00:00.0,179.0,C,CBOE,A,23.46,22.83,,,,23.145,0,38,178.6,99935230,
2014-04-04 00:00:00.0,SPY   161216C00178000,2016-12-16 00:00:00.0,178.0,C,CBOE,A,22.56,21.66,,,,22.11,0,142,178.6,99935232,
2014-04-04 00:00:00.0,SPY   161216C00179000,2016-12-16 00:00:00.0,179.0,C,CBOE,A,21.99,21.12,,,,21.555,0,38,178.6,99935230,
2014-04-07 00:00:00.0,SPY   161216C00178000,2016-12-16 00:00:00.0,178.0,C,CBOE,A,21.15,20.68,,,,20.915,0,142,178.6,99935232,
2014-04-07 00:00:00.0,SPY   161216C00179000,2016-12-16 00:00:00.0,179.0,C,CBOE,A,20.59,20.17,,,,20.380001,0,38,178.6,99935230,
2014-04-08 00:00:00.0,SPY   161216C00178000,2016-12-16 00:00:00.0,178.0,C,CBOE,A,21.46,21.0,,,,21.23,0,142,178.6,99935232,
2014-04-08 00:00:00.0,SPY   161216C00179000,2016-12-16 00:00:00.0,179.0,C,CBOE,A,20.9,20.4,,,,20.65,0,38,178.6,99935230,
2014-04-09 00:00:00.0,SPY   161216C00178000,2016-12-16 00:00:00.0,178.0,C,CBOE,A,22.44,21.99,,,,22.215,0,142,178.6,99935232,
2014-04-09 00:00:00.0,SPY   161216C00179000,2016-12-16 00:00:00.0,179.0,C,CBOE,A,21.86,21.43,,,,21.645,0,38,178.6,99935230,
2014-04-10 00:00:00.0,SPY   161216C00178000,2016-12-16 00:00:00.0,178.0,C,CBOE,A,20.32,19.6,,,,19.96,0,142,178.6,99935232,
2014-04-10 00:00:00.0,SPY   161216C00179000,2016-12-16 00:00:00.0,179.0,C,CBOE,A,19.77,19.05,,,,19.41,0,38,178.6,99935230,
2014-04-11 00:00:00.0,SPY   161216C00178000,2016-12-16 00:00:00.0,178.0,C,CBOE,A,19.81,18.63,,,,19.22,0,142,178.6,99935232,
2014-04-11 00:00:00.0,SPY   161216C00179000,2016-12-16 00:00:00.0,179.0,C,CBOE,A,19.26,18.09,,,,18.675,0,38,178.6,99935230,
2014-04-14 00:00:00.0,SPY   161216C00178000,2016-12-16 00:00:00.0,178.0,C,CBOE,A,19.93,19.41,,,,19.67,0,142,178.6,99935232,
2014-04-14 00:00:00.0,SPY   161216C00179000,2016-12-16 00:00:00.0,179.0,C,CBOE,A,19.38,18.88,,,,19.13,0,38,178.6,99935230,
2014-04-15 00:00:00.0,SPY   161216C00178000,2016-12-16 00:00:00.0,178.0,C,CBOE,A,20.8,20.22,,,,20.509998,0,142,178.6,99935232,
2014-04-15 00:00:00.0,SPY   161216C00179000,2016-12-16 00:00:00.0,179.0,C,CBOE,A,20.25,19.67,,,,19.96,0,38,178.6,99935230,
2014-04-16 00:00:00.0,SPY   161216C00178000,2016-12-16 00:00:00.0,178.0,C,CBOE,A,22.69,19.01,,,,20.85,0,142,178.6,99935232,
2014-04-16 00:00:00.0,SPY   161216C00179000,2016-12-16 00:00:00.0,179.0,C,CBOE,A,21.18,20.22,,,,20.7,0,38,178.6,99935230,
2014-04-17 00:00:00.0,SPY   161216C00178000,2016-12-16 00:00:00.0,178.0,C,CBOE,A,22.27,21.48,,,,21.875,0,142,178.6,99935232,
2014-04-17 00:00:00.0,SPY   161216C00179000,2016-12-16 00:00:00.0,179.0,C,CBOE,A,21.7,20.89,,,,21.295,0,38,178.6,99935230,
2014-04-21 00:00:00.0,SPY   161216C00178000,2016-12-16 00:00:00.0,178.0,C,CBOE,A,22.48,22.01,,,,22.244999,0,142,178.6,99935232,
2014-04-21 00:00:00.0,SPY   161216C00179000,2016-12-16 00:00:00.0,179.0,C,CBOE,A,21.85,21.43,,,,21.64,0,38,178.6,99935230,
2014-04-22 00:00:00.0,SPY   161216C00178000,2016-12-16 00:00:00.0,178.0,C,CBOE,A,22.87,22.41,,,,22.64,0,142,178.6,99935232,
2014-04-22 00:00:00.0,SPY   161216C00179000,2016-12-16 00:00:00.0,179.0,C,CBOE,A,22.28,21.82,,,,22.05,0,38,178.6,99935230,
2014-04-23 00:00:00.0,SPY   161216C00178000,2016-12-16 00:00:00.0,178.0,C,CBOE,A,22.83,22.21,,,,22.52,0,142,178.6,99935232,
2014-04-23 00:00:00.0,SPY   161216C00179000,2016-12-16 00:00:00.0,179.0,C,CBOE,A,22.26,21.64,,,,21.95,0,38,178.6,99935230,
2014-04-24 00:00:00.0,SPY   161216C00178000,2016-12-16 00:00:00.0,178.0,C,CBOE,A,22.93,22.28,,,,22.605,0,142,178.6,99935232,
2014-04-24 00:00:00.0,SPY   161216C00179000,2016-12-16 00:00:00.0,179.0,C,CBOE,A,22.33,21.71,,,,22.02,0,38,178.6,99935230,
2014-04-25 00:00:00.0,SPY   161216C00178000,2016-12-16 00:00:00.0,178.0,C,CBOE,A,21.96,21.12,,,,21.54,0,142,178.6,99935232,
2014-04-25 00:00:00.0,SPY   161216C00179000,2016-12-16 00:00:00.0,179.0,C,CBOE,A,21.34,20.5,,,,20.92,0,38,178.6,99935230,
2014-04-28 00:00:00.0,SPY   161216C00178000,2016-12-16 00:00:00.0,178.0,C,CBOE,A,22.07,21.54,20.77,20.77,20.77,21.805,10,142,178.6,99935232,
2014-04-28 00:00:00.0,SPY   161216C00179000,2016-12-16 00:00:00.0,179.0,C,CBOE,A,21.47,20.95,,,,21.21,0,38,178.6,99935230,
2014-04-29 00:00:00.0,SPY   161216C00178000,2016-12-16 00:00:00.0,178.0,C,CBOE,A,22.34,21.88,,,,22.11,0,152,178.6,99935232,
2014-04-29 00:00:00.0,SPY   161216C00179000,2016-12-16 00:00:00.0,179.0,C,CBOE,A,21.73,21.32,,,,21.525,0,38,178.6,99935230,
2014-04-30 00:00:00.0,SPY   161216C00178000,2016-12-16 00:00:00.0,178.0,C,CBOE,A,22.7,22.2,,,,22.45,0,152,178.6,99935232,
2014-04-30 00:00:00.0,SPY   161216C00179000,2016-12-16 00:00:00.0,179.0,C,CBOE,A,22.11,21.63,,,,21.869999,0,38,178.6,99935230,
2014-05-01 00:00:00.0,SPY   161216C00178000,2016-12-16 00:00:00.0,178.0,C,CBOE,A,22.53,22.03,,,,22.28,0,152,178.6,99935232,
2014-05-01 00:00:00.0,SPY   161216C00179000,2016-12-16 00:00:00.0,179.0,C,CBOE,A,21.94,21.42,,,,21.68,0,38,178.6,99935230,
2014-05-02 00:00:00.0,SPY   161216C00178000,2016-12-16 00:00:00.0,178.0,C,CBOE,A,22.37,21.83,,,,22.1,0,152,178.6,99935232,
2014-05-02 00:00:00.0,SPY   161216C00179000,2016-12-16 00:00:00.0,179.0,C,CBOE,A,21.77,21.26,,,,21.515,0,38,178.6,99935230,
2014-05-05 00:00:00.0,SPY   161216C00178000,2016-12-16 00:00:00.0,178.0,C,CBOE,A,22.47,22.02,,,,22.244999,0,152,178.6,99935232,
2014-05-05 00:00:00.0,SPY   161216C00179000,2016-12-16 00:00:00.0,179.0,C,CBOE,A,21.88,21.43,,,,21.654999,0,38,178.6,99935230,
2014-05-06 00:00:00.0,SPY   161216C00178000,2016-12-16 00:00:00.0,178.0,C,CBOE,A,21.66,21.28,,,,21.470001,0,152,178.6,99935232,
2014-05-06 00:00:00.0,SPY   161216C00179000,2016-12-16 00:00:00.0,179.0,C,CBOE,A,21.09,20.7,,,,20.895,0,38,178.6,99935230,
2014-05-07 00:00:00.0,SPY   161216C00178000,2016-12-16 00:00:00.0,178.0,C,CBOE,A,22.25,21.82,,,,22.035,0,152,178.6,99935232,
2014-05-07 00:00:00.0,SPY   161216C00179000,2016-12-16 00:00:00.0,179.0,C,CBOE,A,21.67,21.22,,,,21.445,0,38,178.6,99935230,
2014-05-08 00:00:00.0,SPY   161216C00178000,2016-12-16 00:00:00.0,178.0,C,CBOE,A,21.91,21.48,,,,21.695,0,152,178.6,99935232,
2014-05-08 00:00:00.0,SPY   161216C00179000,2016-12-16 00:00:00.0,179.0,C,CBOE,A,21.32,20.89,,,,21.105,0,38,178.6,99935230,
2014-05-09 00:00:00.0,SPY   161216C00178000,2016-12-16 00:00:00.0,178.0,C,CBOE,A,21.96,21.43,,,,21.695,0,152,178.6,99935232,
2014-05-09 00:00:00.0,SPY   161216C00179000,2016-12-16 00:00:00.0,179.0,C,CBOE,A,21.37,20.84,,,,21.105,0,38,178.6,99935230,
2014-05-12 00:00:00.0,SPY   161216C00178000,2016-12-16 00:00:00.0,178.0,C,CBOE,A,23.28,22.54,,,,22.91,0,152,178.6,99935232,
2014-05-12 00:00:00.0,SPY   161216C00179000,2016-12-16 00:00:00.0,179.0,C,CBOE,A,22.68,21.92,,,,22.3,0,38,178.6,99935230,
2014-05-13 00:00:00.0,SPY   161216C00178000,2016-12-16 00:00:00.0,178.0,C,CBOE,A,23.08,22.68,,,,22.880001,0,152,178.6,99935232,
2014-05-13 00:00:00.0,SPY   161216C00179000,2016-12-16 00:00:00.0,179.0,C,CBOE,A,22.67,21.78,,,,22.225,0,38,178.6,99935230,
2014-05-14 00:00:00.0,SPY   161216C00178000,2016-12-16 00:00:00.0,178.0,C,CBOE,A,22.7,21.59,,,,22.145,0,152,178.6,99935232,
2014-05-14 00:00:00.0,SPY   161216C00179000,2016-12-16 00:00:00.0,179.0,C,CBOE,A,22.1,20.99,,,,21.545,0,38,178.6,99935230,
2014-05-15 00:00:00.0,SPY   161216C00178000,2016-12-16 00:00:00.0,178.0,C,CBOE,A,21.36,21.01,,,,21.185001,0,152,178.6,99935232,
2014-05-15 00:00:00.0,SPY   161216C00179000,2016-12-16 00:00:00.0,179.0,C,CBOE,A,20.8,20.3,,,,20.55,0,38,178.6,99935230,
2014-05-16 00:00:00.0,SPY   161216C00178000,2016-12-16 00:00:00.0,178.0,C,CBOE,A,22.16,20.8,,,,21.48,0,152,178.6,99935232,
2014-05-16 00:00:00.0,SPY   161216C00179000,2016-12-16 00:00:00.0,179.0,C,CBOE,A,21.57,20.21,,,,20.89,0,38,178.6,99935230,
2014-05-19 00:00:00.0,SPY   161216C00178000,2016-12-16 00:00:00.0,178.0,C,CBOE,A,22.08,21.56,,,,21.82,0,152,178.6,99935232,
2014-05-19 00:00:00.0,SPY   161216C00179000,2016-12-16 00:00:00.0,179.0,C,CBOE,A,21.43,20.89,,,,21.16,0,38,178.6,99935230,
2014-05-20 00:00:00.0,SPY   161216C00178000,2016-12-16 00:00:00.0,178.0,C,CBOE,A,21.08,20.51,,,,20.795,0,152,178.6,99935232,
2014-05-20 00:00:00.0,SPY   161216C00179000,2016-12-16 00:00:00.0,179.0,C,CBOE,A,20.48,19.84,,,,20.16,0,38,178.6,99935230,
2014-05-21 00:00:00.0,SPY   161216C00178000,2016-12-16 00:00:00.0,178.0,C,CBOE,A,21.87,21.26,,,,21.565,0,152,178.6,99935232,
2014-05-21 00:00:00.0,SPY   161216C00179000,2016-12-16 00:00:00.0,179.0,C,CBOE,A,21.28,20.69,,,,20.985,0,38,178.6,99935230,
2014-05-22 00:00:00.0,SPY   161216C00178000,2016-12-16 00:00:00.0,178.0,C,CBOE,A,22.28,21.73,,,,22.005001,0,152,178.6,99935232,
2014-05-22 00:00:00.0,SPY   161216C00179000,2016-12-16 00:00:00.0,179.0,C,CBOE,A,21.7,21.14,,,,21.42,0,38,178.6,99935230,
2014-05-23 00:00:00.0,SPY   161216C00178000,2016-12-16 00:00:00.0,178.0,C,CBOE,A,22.81,21.95,,,,22.380001,0,152,178.6,99935232,
2014-05-23 00:00:00.0,SPY   161216C00179000,2016-12-16 00:00:00.0,179.0,C,CBOE,A,22.29,21.34,,,,21.815,0,38,178.6,99935230,
2014-05-27 00:00:00.0,SPY   161216C00178000,2016-12-16 00:00:00.0,178.0,C,CBOE,A,23.65,22.95,,,,23.3,0,152,178.6,99935232,
2014-05-27 00:00:00.0,SPY   161216C00179000,2016-12-16 00:00:00.0,179.0,C,CBOE,A,22.89,22.33,,,,22.61,0,38,178.6,99935230,
2014-05-28 00:00:00.0,SPY   161216C00178000,2016-12-16 00:00:00.0,178.0,C,CBOE,A,23.59,23.08,23.55,23.55,23.55,23.335,42,152,178.6,99935232,
2014-05-28 00:00:00.0,SPY   161216C00179000,2016-12-16 00:00:00.0,179.0,C,CBOE,A,23.26,22.43,,,,22.845001,0,38,178.6,99935230,
2014-05-29 00:00:00.0,SPY   161216C00178000,2016-12-16 00:00:00.0,178.0,C,CBOE,A,24.56,23.59,23.52,23.85,23.52,24.075,105,152,178.6,99935232,
2014-05-29 00:00:00.0,SPY   161216C00179000,2016-12-16 00:00:00.0,179.0,C,CBOE,A,24.28,22.96,,,,23.619999,0,38,178.6,99935230,
2014-05-30 00:00:00.0,SPY   161216C00178000,2016-12-16 00:00:00.0,178.0,C,CBOE,A,26.8,22.15,,,,24.474998,0,112,178.6,99935232,
2014-05-30 00:00:00.0,SPY   161216C00179000,2016-12-16 00:00:00.0,179.0,C,CBOE,A,26.0,21.52,,,,23.76,0,38,178.6,99935230,
2014-06-02 00:00:00.0,SPY   161216C00178000,2016-12-16 00:00:00.0,178.0,C,CBOE,A,25.26,24.59,,,,24.925,0,112,178.6,99935232,
2014-06-02 00:00:00.0,SPY   161216C00179000,2016-12-16 00:00:00.0,179.0,C,CBOE,A,24.62,23.95,,,,24.285,0,38,178.6,99935230,
2014-06-03 00:00:00.0,SPY   161216C00178000,2016-12-16 00:00:00.0,178.0,C,CBOE,A,25.03,24.46,,,,24.744999,0,112,178.6,99935232,
2014-06-03 00:00:00.0,SPY   161216C00179000,2016-12-16 00:00:00.0,179.0,C,CBOE,A,24.38,23.84,,,,24.11,0,38,178.6,99935230,
2014-06-04 00:00:00.0,SPY   161216C00178000,2016-12-16 00:00:00.0,178.0,C,CBOE,A,25.35,24.77,,,,25.060001,0,112,178.6,99935232,
2014-06-04 00:00:00.0,SPY   161216C00179000,2016-12-16 00:00:00.0,179.0,C,CBOE,A,24.71,24.13,,,,24.419998,0,38,178.6,99935230,
2014-06-05 00:00:00.0,SPY   161216C00178000,2016-12-16 00:00:00.0,178.0,C,CBOE,A,26.44,25.41,,,,25.925,0,112,178.6,99935232,
2014-06-05 00:00:00.0,SPY   161216C00179000,2016-12-16 00:00:00.0,179.0,C,CBOE,A,25.8,24.78,,,,25.29,0,38,178.6,99935230,
2014-06-06 00:00:00.0,SPY   161216C00178000,2016-12-16 00:00:00.0,178.0,C,CBOE,A,26.6,25.96,,,,26.279999,0,112,178.6,99935232,
2014-06-06 00:00:00.0,SPY   161216C00179000,2016-12-16 00:00:00.0,179.0,C,CBOE,A,25.96,25.38,,,,25.669998,0,38,178.6,99935230,
2014-06-09 00:00:00.0,SPY   161216C00178000,2016-12-16 00:00:00.0,178.0,C,CBOE,A,26.86,26.4,26.8,26.8,26.8,26.630001,20,112,178.6,99935232,
2014-06-09 00:00:00.0,SPY   161216C00179000,2016-12-16 00:00:00.0,179.0,C,CBOE,A,26.21,25.75,,,,25.98,0,38,178.6,99935230,
2014-06-10 00:00:00.0,SPY   161216C00178000,2016-12-16 00:00:00.0,178.0,C,CBOE,A,27.08,26.37,26.55,26.55,26.55,26.725,1,132,178.6,99935232,
2014-06-10 00:00:00.0,SPY   161216C00179000,2016-12-16 00:00:00.0,179.0,C,CBOE,A,26.43,25.73,,,,26.08,0,38,178.6,99935230,
2014-06-11 00:00:00.0,SPY   161216C00178000,2016-12-16 00:00:00.0,178.0,C,CBOE,A,26.39,25.96,,,,26.175,0,133,178.6,99935232,
2014-06-11 00:00:00.0,SPY   161216C00179000,2016-12-16 00:00:00.0,179.0,C,CBOE,A,25.9,25.31,,,,25.605,0,38,178.6,99935230,
2014-06-12 00:00:00.0,SPY   161216C00178000,2016-12-16 00:00:00.0,178.0,C,CBOE,A,25.59,25.11,,,,25.35,0,133,178.6,99935232,
2014-06-12 00:00:00.0,SPY   161216C00179000,2016-12-16 00:00:00.0,179.0,C,CBOE,A,25.15,24.52,,,,24.835,0,38,178.6,99935230,
2014-06-13 00:00:00.0,SPY   161216C00178000,2016-12-16 00:00:00.0,178.0,C,CBOE,A,26.28,25.41,,,,25.845001,0,133,178.6,99935232,
2014-06-13 00:00:00.0,SPY   161216C00179000,2016-12-16 00:00:00.0,179.0,C,CBOE,A,25.65,24.8,,,,25.224998,0,38,178.6,99935230,
2014-06-16 00:00:00.0,SPY   161216C00178000,2016-12-16 00:00:00.0,178.0,C,CBOE,A,26.24,25.67,,,,25.955,0,133,178.6,99935232,
2014-06-16 00:00:00.0,SPY   161216C00179000,2016-12-16 00:00:00.0,179.0,C,CBOE,A,25.67,25.03,,,,25.35,0,38,178.6,99935230,
2014-06-17 00:00:00.0,SPY   161216C00178000,2016-12-16 00:00:00.0,178.0,C,CBOE,A,26.85,26.04,26.37,26.37,26.37,26.445,2,133,178.6,99935232,
2014-06-17 00:00:00.0,SPY   161216C00179000,2016-12-16 00:00:00.0,179.0,C,CBOE,A,26.1,25.41,,,,25.755001,0,38,178.6,99935230,
2014-06-18 00:00:00.0,SPY   161216C00178000,2016-12-16 00:00:00.0,178.0,C,CBOE,A,27.6,26.79,,,,27.195,0,133,178.6,99935232,
2014-06-18 00:00:00.0,SPY   161216C00179000,2016-12-16 00:00:00.0,179.0,C,CBOE,A,26.92,26.13,,,,26.525,0,38,178.6,99935230,
2014-06-19 00:00:00.0,SPY   161216C00178000,2016-12-16 00:00:00.0,178.0,C,CBOE,A,27.77,26.61,,,,27.19,0,133,178.6,99935232,
2014-06-19 00:00:00.0,SPY   161216C00179000,2016-12-16 00:00:00.0,179.0,C,CBOE,A,27.12,25.96,,,,26.54,0,38,178.6,99935230,
2014-06-20 00:00:00.0,SPY   161216C00178000,2016-12-16 00:00:00.0,178.0,C,CBOE,A,28.01,27.06,,,,27.535,0,133,178.6,99935232,
2014-06-20 00:00:00.0,SPY   161216C00179000,2016-12-16 00:00:00.0,179.0,C,CBOE,A,27.36,26.4,,,,26.880001,0,38,178.6,99935230,
2014-06-23 00:00:00.0,SPY   161216C00178000,2016-12-16 00:00:00.0,178.0,C,CBOE,A,28.27,27.23,,,,27.75,0,133,178.6,99935232,
2014-06-23 00:00:00.0,SPY   161216C00179000,2016-12-16 00:00:00.0,179.0,C,CBOE,A,27.62,26.57,,,,27.095001,0,38,178.6,99935230,
2014-06-24 00:00:00.0,SPY   161216C00178000,2016-12-16 00:00:00.0,178.0,C,CBOE,A,27.75,26.59,,,,27.17,0,133,178.6,99935232,
2014-06-24 00:00:00.0,SPY   161216C00179000,2016-12-16 00:00:00.0,179.0,C,CBOE,A,27.1,25.94,,,,26.52,0,38,178.6,99935230,
2014-06-25 00:00:00.0,SPY   161216C00178000,2016-12-16 00:00:00.0,178.0,C,CBOE,A,27.91,27.25,,,,27.58,0,133,178.6,99935232,
2014-06-25 00:00:00.0,SPY   161216C00179000,2016-12-16 00:00:00.0,179.0,C,CBOE,A,27.19,26.45,,,,26.82,0,38,178.6,99935230,
2014-06-26 00:00:00.0,SPY   161216C00178000,2016-12-16 00:00:00.0,178.0,C,CBOE,A,27.66,26.79,,,,27.225,0,133,178.6,99935232,
2014-06-26 00:00:00.0,SPY   161216C00179000,2016-12-16 00:00:00.0,179.0,C,CBOE,A,27.0,26.13,,,,26.564999,0,38,178.6,99935230,
2014-06-27 00:00:00.0,SPY   161216C00178000,2016-12-16 00:00:00.0,178.0,C,CBOE,A,28.03,26.99,,,,27.51,0,133,178.6,99935232,
2014-06-27 00:00:00.0,SPY   161216C00179000,2016-12-16 00:00:00.0,179.0,C,CBOE,A,27.43,26.33,,,,26.880001,0,38,178.6,99935230,
2014-06-30 00:00:00.0,SPY   161216C00178000,2016-12-16 00:00:00.0,178.0,C,CBOE,A,28.0,27.03,,,,27.515,0,133,178.6,99935232,
2014-06-30 00:00:00.0,SPY   161216C00179000,2016-12-16 00:00:00.0,179.0,C,CBOE,A,27.36,26.37,,,,26.865002,0,38,178.6,99935230,
2014-07-01 00:00:00.0,SPY   161216C00178000,2016-12-16 00:00:00.0,178.0,C,CBOE,A,29.03,27.97,,,,28.5,0,133,178.6,99935232,
2014-07-01 00:00:00.0,SPY   161216C00179000,2016-12-16 00:00:00.0,179.0,C,CBOE,A,28.36,27.36,,,,27.86,0,38,178.6,99935230,
2014-07-02 00:00:00.0,SPY   161216C00178000,2016-12-16 00:00:00.0,178.0,C,CBOE,A,28.74,28.15,,,,28.445,0,133,178.6,99935232,
2014-07-02 00:00:00.0,SPY   161216C00179000,2016-12-16 00:00:00.0,179.0,C,CBOE,A,28.28,27.31,,,,27.795,0,38,178.6,99935230,
2014-07-03 00:00:00.0,SPY   161216C00178000,2016-12-16 00:00:00.0,178.0,C,CBOE,A,29.72,28.65,,,,29.185,0,133,178.6,99935232,
2014-07-03 00:00:00.0,SPY   161216C00179000,2016-12-16 00:00:00.0,179.0,C,CBOE,A,29.04,27.96,,,,28.5,0,38,178.6,99935230,
2014-07-07 00:00:00.0,SPY   161216C00178000,2016-12-16 00:00:00.0,178.0,C,CBOE,A,29.15,28.51,29.44,29.44,29.44,28.83,3,133,178.6,99935232,
2014-07-07 00:00:00.0,SPY   161216C00179000,2016-12-16 00:00:00.0,179.0,C,CBOE,A,28.55,27.84,,,,28.195,0,38,178.6,99935230,
2014-07-08 00:00:00.0,SPY   161216C00178000,2016-12-16 00:00:00.0,178.0,C,CBOE,A,28.57,27.58,,,,28.075,0,136,178.6,99935232,
2014-07-08 00:00:00.0,SPY   161216C00179000,2016-12-16 00:00:00.0,179.0,C,CBOE,A,27.91,26.99,,,,27.45,0,38,178.6,99935230,
2014-07-09 00:00:00.0,SPY   161216C00178000,2016-12-16 00:00:00.0,178.0,C,CBOE,A,28.91,28.28,,,,28.595001,0,136,178.6,99935232,
2014-07-09 00:00:00.0,SPY   161216C00179000,2016-12-16 00:00:00.0,179.0,C,CBOE,A,28.25,27.59,,,,27.92,0,38,178.6,99935230,
2014-07-10 00:00:00.0,SPY   161216C00178000,2016-12-16 00:00:00.0,178.0,C,CBOE,A,28.38,27.52,,,,27.95,0,136,178.6,99935232,
2014-07-10 00:00:00.0,SPY   161216C00179000,2016-12-16 00:00:00.0,179.0,C,CBOE,A,27.73,26.86,,,,27.295,0,38,178.6,99935230,
2014-07-11 00:00:00.0,SPY   161216C00178000,2016-12-16 00:00:00.0,178.0,C,CBOE,A,28.84,27.64,,,,28.24,0,136,178.6,99935232,
2014-07-11 00:00:00.0,SPY   161216C00179000,2016-12-16 00:00:00.0,179.0,C,CBOE,A,28.18,26.97,,,,27.575,0,38,178.6,99935230,
2014-07-14 00:00:00.0,SPY   161216C00178000,2016-12-16 00:00:00.0,178.0,C,CBOE,A,29.33,28.36,,,,28.845001,0,136,178.6,99935232,
2014-07-14 00:00:00.0,SPY   161216C00179000,2016-12-16 00:00:00.0,179.0,C,CBOE,A,28.66,27.69,,,,28.175,0,38,178.6,99935230,
2014-07-15 00:00:00.0,SPY   161216C00178000,2016-12-16 00:00:00.0,178.0,C,CBOE,A,28.86,28.17,,,,28.515,0,136,178.6,99935232,
2014-07-15 00:00:00.0,SPY   161216C00179000,2016-12-16 00:00:00.0,179.0,C,CBOE,A,28.2,27.5,,,,27.85,0,38,178.6,99935230,
2014-07-16 00:00:00.0,SPY   161216C00178000,2016-12-16 00:00:00.0,178.0,C,CBOE,A,29.52,28.63,,,,29.075,0,136,178.6,99935232,
2014-07-16 00:00:00.0,SPY   161216C00179000,2016-12-16 00:00:00.0,179.0,C,CBOE,A,28.85,28.2,,,,28.525002,0,38,178.6,99935230,
2014-07-17 00:00:00.0,SPY   161216C00178000,2016-12-16 00:00:00.0,178.0,C,CBOE,A,28.42,27.18,,,,27.8,0,136,178.6,99935232,
2014-07-17 00:00:00.0,SPY   161216C00179000,2016-12-16 00:00:00.0,179.0,C,CBOE,A,27.77,26.53,,,,27.150002,0,38,178.6,99935230,
2014-07-18 00:00:00.0,SPY   161216C00178000,2016-12-16 00:00:00.0,178.0,C,CBOE,A,29.56,28.43,,,,28.994999,0,136,178.6,99935232,
2014-07-18 00:00:00.0,SPY   161216C00179000,2016-12-16 00:00:00.0,179.0,C,CBOE,A,28.9,27.76,,,,28.33,0,38,178.6,99935230,
2014-07-21 00:00:00.0,SPY   161216C00178000,2016-12-16 00:00:00.0,178.0,C,CBOE,A,29.04,28.32,,,,28.68,0,136,178.6,99935232,
2014-07-21 00:00:00.0,SPY   161216C00179000,2016-12-16 00:00:00.0,179.0,C,CBOE,A,28.38,27.66,,,,28.02,0,38,178.6,99935230,
2014-07-22 00:00:00.0,SPY   161216C00178000,2016-12-16 00:00:00.0,178.0,C,CBOE,A,29.95,28.75,,,,29.35,0,136,178.6,99935232,
2014-07-22 00:00:00.0,SPY   161216C00179000,2016-12-16 00:00:00.0,179.0,C,CBOE,A,29.3,28.08,,,,28.689999,0,38,178.6,99935230,
2014-07-23 00:00:00.0,SPY   161216C00178000,2016-12-16 00:00:00.0,178.0,C,CBOE,A,30.36,29.35,,,,29.855,0,136,178.6,99935232,
2014-07-23 00:00:00.0,SPY   161216C00179000,2016-12-16 00:00:00.0,179.0,C,CBOE,A,29.66,28.71,,,,29.185,0,38,178.6,99935230,
2014-07-24 00:00:00.0,SPY   161216C00178000,2016-12-16 00:00:00.0,178.0,C,CBOE,A,30.69,29.51,,,,30.1,0,136,178.6,99935232,
2014-07-24 00:00:00.0,SPY   161216C00179000,2016-12-16 00:00:00.0,179.0,C,CBOE,A,30.06,28.91,,,,29.485,0,38,178.6,99935230,
2014-07-25 00:00:00.0,SPY   161216C00178000,2016-12-16 00:00:00.0,178.0,C,CBOE,A,29.94,28.91,,,,29.425,0,136,178.6,99935232,
2014-07-25 00:00:00.0,SPY   161216C00179000,2016-12-16 00:00:00.0,179.0,C,CBOE,A,29.26,28.25,,,,28.755001,0,38,178.6,99935230,
2014-07-28 00:00:00.0,SPY   161216C00178000,2016-12-16 00:00:00.0,178.0,C,CBOE,A,29.92,29.15,,,,29.535,0,136,178.6,99935232,
2014-07-28 00:00:00.0,SPY   161216C00179000,2016-12-16 00:00:00.0,179.0,C,CBOE,A,29.5,28.46,,,,28.98,0,38,178.6,99935230,
2014-07-29 00:00:00.0,SPY   161216C00178000,2016-12-16 00:00:00.0,178.0,C,CBOE,A,29.66,28.31,29.35,29.35,28.95,28.985,12,136,178.6,99935232,
2014-07-29 00:00:00.0,SPY   161216C00179000,2016-12-16 00:00:00.0,179.0,C,CBOE,A,29.01,27.66,,,,28.335,0,38,178.6,99935230,
2014-07-30 00:00:00.0,SPY   161216C00178000,2016-12-16 00:00:00.0,178.0,C,CBOE,A,29.75,28.65,,,,29.2,0,131,178.6,99935232,
2014-07-30 00:00:00.0,SPY   161216C00179000,2016-12-16 00:00:00.0,179.0,C,CBOE,A,29.1,28.01,,,,28.555,0,38,178.6,99935230,
2014-07-31 00:00:00.0,SPY   161216C00178000,2016-12-16 00:00:00.0,178.0,C,CBOE,A,27.74,26.34,,,,27.04,0,131,178.6,99935232,
2014-07-31 00:00:00.0,SPY   161216C00179000,2016-12-16 00:00:00.0,179.0,C,CBOE,A,27.22,25.71,,,,26.465,0,38,178.6,99935230,
2014-08-01 00:00:00.0,SPY   161216C00178000,2016-12-16 00:00:00.0,178.0,C,CBOE,A,27.75,25.41,,,,26.58,0,131,178.6,99935232,
2014-08-01 00:00:00.0,SPY   161216C00179000,2016-12-16 00:00:00.0,179.0,C,CBOE,A,28.32,23.89,,,,26.105,0,38,178.6,99935230,
2014-08-04 00:00:00.0,SPY   161216C00178000,2016-12-16 00:00:00.0,178.0,C,CBOE,A,27.78,26.82,,,,27.3,0,131,178.6,99935232,
2014-08-04 00:00:00.0,SPY   161216C00179000,2016-12-16 00:00:00.0,179.0,C,CBOE,A,27.26,26.2,,,,26.73,0,38,178.6,99935230,
2014-08-05 00:00:00.0,SPY   161216C00178000,2016-12-16 00:00:00.0,178.0,C,CBOE,A,26.98,25.74,,,,26.36,0,131,178.6,99935232,
2014-08-05 00:00:00.0,SPY   161216C00179000,2016-12-16 00:00:00.0,179.0,C,CBOE,A,26.33,25.12,,,,25.725,0,38,178.6,99935230,
2014-08-06 00:00:00.0,SPY   161216C00178000,2016-12-16 00:00:00.0,178.0,C,CBOE,A,26.95,25.95,,,,26.45,0,131,178.6,99935232,
2014-08-06 00:00:00.0,SPY   161216C00179000,2016-12-16 00:00:00.0,179.0,C,CBOE,A,26.43,25.33,,,,25.880001,0,38,178.6,99935230,
2014-08-07 00:00:00.0,SPY   161216C00178000,2016-12-16 00:00:00.0,178.0,C,CBOE,A,26.24,25.22,,,,25.73,0,131,178.6,99935232,
2014-08-07 00:00:00.0,SPY   161216C00179000,2016-12-16 00:00:00.0,179.0,C,CBOE,A,25.62,24.63,,,,25.125,0,38,178.6,99935230,
2014-08-08 00:00:00.0,SPY   161216C00178000,2016-12-16 00:00:00.0,178.0,C,CBOE,A,27.47,26.06,,,,26.765,0,131,178.6,99935232,
2014-08-08 00:00:00.0,SPY   161216C00179000,2016-12-16 00:00:00.0,179.0,C,CBOE,A,26.85,25.44,,,,26.145,0,38,178.6,99935230,
2014-08-11 00:00:00.0,SPY   161216C00178000,2016-12-16 00:00:00.0,178.0,C,CBOE,A,27.74,26.79,,,,27.265,0,131,178.6,99935232,
2014-08-11 00:00:00.0,SPY   161216C00179000,2016-12-16 00:00:00.0,179.0,C,CBOE,A,27.09,26.27,,,,26.68,0,38,178.6,99935230,
2014-08-12 00:00:00.0,SPY   161216C00178000,2016-12-16 00:00:00.0,178.0,C,CBOE,A,27.41,26.34,,,,26.875,0,131,178.6,99935232,
2014-08-12 00:00:00.0,SPY   161216C00179000,2016-12-16 00:00:00.0,179.0,C,CBOE,A,26.58,25.68,,,,26.130001,0,38,178.6,99935230,
2014-08-13 00:00:00.0,SPY   161216C00178000,2016-12-16 00:00:00.0,178.0,C,CBOE,A,28.15,27.08,,,,27.615,0,131,178.6,99935232,
2014-08-13 00:00:00.0,SPY   161216C00179000,2016-12-16 00:00:00.0,179.0,C,CBOE,A,27.64,26.43,,,,27.035,0,38,178.6,99935230,
2014-08-14 00:00:00.0,SPY   161216C00178000,2016-12-16 00:00:00.0,178.0,C,CBOE,A,28.81,27.61,,,,28.21,0,128,178.6,99935232,
2014-08-14 00:00:00.0,SPY   161216C00179000,2016-12-16 00:00:00.0,179.0,C,CBOE,A,28.2,26.94,,,,27.57,0,38,178.6,99935230,
2014-08-15 00:00:00.0,SPY   161216C00178000,2016-12-16 00:00:00.0,178.0,C,CBOE,A,28.74,27.6,,,,28.17,0,128,178.6,99935232,
2014-08-15 00:00:00.0,SPY   161216C00179000,2016-12-16 00:00:00.0,179.0,C,CBOE,A,28.13,26.95,,,,27.54,0,38,178.6,99935230,
2014-08-18 00:00:00.0,SPY   161216C00178000,2016-12-16 00:00:00.0,178.0,C,CBOE,A,29.59,28.57,28.86,28.86,28.86,29.08,5,128,178.6,99935232,
2014-08-18 00:00:00.0,SPY   161216C00179000,2016-12-16 00:00:00.0,179.0,C,CBOE,A,28.92,27.91,,,,28.415,0,38,178.6,99935230,
2014-08-19 00:00:00.0,SPY   161216C00178000,2016-12-16 00:00:00.0,178.0,C,CBOE,A,30.38,29.36,,,,29.869999,0,128,178.6,99935232,
2014-08-19 00:00:00.0,SPY   161216C00179000,2016-12-16 00:00:00.0,179.0,C,CBOE,A,29.58,28.6,,,,29.09,0,38,178.6,99935230,
2014-08-20 00:00:00.0,SPY   161216C00178000,2016-12-16 00:00:00.0,178.0,C,CBOE,A,30.7,29.9,,,,30.3,0,128,178.6,99935232,
2014-08-20 00:00:00.0,SPY   161216C00179000,2016-12-16 00:00:00.0,179.0,C,CBOE,A,30.03,29.22,,,,29.625,0,38,178.6,99935230,
2014-08-21 00:00:00.0,SPY   161216C00178000,2016-12-16 00:00:00.0,178.0,C,CBOE,A,31.25,29.91,,,,30.58,0,128,178.6,99935232,
2014-08-21 00:00:00.0,SPY   161216C00179000,2016-12-16 00:00:00.0,179.0,C,CBOE,A,30.58,29.23,,,,29.904999,0,38,178.6,99935230,
2014-08-22 00:00:00.0,SPY   161216C00178000,2016-12-16 00:00:00.0,178.0,C,CBOE,A,31.28,29.71,,,,30.494999,0,128,178.6,99935232,
2014-08-22 00:00:00.0,SPY   161216C00179000,2016-12-16 00:00:00.0,179.0,C,CBOE,A,30.66,29.03,,,,29.845001,0,38,178.6,99935230,
2014-08-25 00:00:00.0,SPY   161216C00178000,2016-12-16 00:00:00.0,178.0,C,CBOE,A,31.55,30.5,,,,31.025,0,128,178.6,99935232,
2014-08-25 00:00:00.0,SPY   161216C00179000,2016-12-16 00:00:00.0,179.0,C,CBOE,A,30.98,29.87,,,,30.425,0,38,178.6,99935230,
2014-08-26 00:00:00.0,SPY   161216C00178000,2016-12-16 00:00:00.0,178.0,C,CBOE,A,31.97,30.82,,,,31.395,0,128,178.6,99935232,
2014-08-26 00:00:00.0,SPY   161216C00179000,2016-12-16 00:00:00.0,179.0,C,CBOE,A,31.29,30.14,,,,30.715,0,38,178.6,99935230,
2014-08-27 00:00:00.0,SPY   161216C00178000,2016-12-16 00:00:00.0,178.0,C,CBOE,A,31.72,30.78,,,,31.25,0,128,178.6,99935232,
2014-08-27 00:00:00.0,SPY   161216C00179000,2016-12-16 00:00:00.0,179.0,C,CBOE,A,30.99,30.12,,,,30.555,0,38,178.6,99935230,
2014-08-28 00:00:00.0,SPY   161216C00178000,2016-12-16 00:00:00.0,178.0,C,CBOE,A,32.09,30.89,,,,31.49,0,128,178.6,99935232,
2014-08-28 00:00:00.0,SPY   161216C00179000,2016-12-16 00:00:00.0,179.0,C,CBOE,A,31.41,30.21,,,,30.81,0,38,178.6,99935230,
2014-08-29 00:00:00.0,SPY   161216C00178000,2016-12-16 00:00:00.0,178.0,C,CBOE,A,32.37,31.24,,,,31.805,0,128,178.6,99935232,
2014-08-29 00:00:00.0,SPY   161216C00179000,2016-12-16 00:00:00.0,179.0,C,CBOE,A,31.69,30.56,,,,31.125,0,38,178.6,99935230,
2014-09-02 00:00:00.0,SPY   161216C00178000,2016-12-16 00:00:00.0,178.0,C,CBOE,A,32.32,31.44,31.78,31.78,31.78,31.880001,5,128,178.6,99935232,
2014-09-02 00:00:00.0,SPY   161216C00179000,2016-12-16 00:00:00.0,179.0,C,CBOE,A,31.66,30.76,31.11,31.11,31.1,31.21,235,38,178.6,99935230,
2014-09-03 00:00:00.0,SPY   161216C00178000,2016-12-16 00:00:00.0,178.0,C,CBOE,A,32.4,31.16,,,,31.78,0,123,178.6,99935232,
2014-09-03 00:00:00.0,SPY   161216C00179000,2016-12-16 00:00:00.0,179.0,C,CBOE,A,31.72,30.49,,,,31.105,0,252,178.6,99935230,
2014-09-04 00:00:00.0,SPY   161216C00178000,2016-12-16 00:00:00.0,178.0,C,CBOE,A,32.25,31.09,,,,31.67,0,123,178.6,99935232,
2014-09-04 00:00:00.0,SPY   161216C00179000,2016-12-16 00:00:00.0,179.0,C,CBOE,A,31.59,30.41,,,,31.0,0,252,178.6,99935230,
2014-09-05 00:00:00.0,SPY   161216C00178000,2016-12-16 00:00:00.0,178.0,C,CBOE,A,32.71,31.47,,,,32.09,0,123,178.6,99935232,
2014-09-05 00:00:00.0,SPY   161216C00179000,2016-12-16 00:00:00.0,179.0,C,CBOE,A,32.03,30.78,,,,31.404999,0,252,178.6,99935230,
2014-09-08 00:00:00.0,SPY   161216C00178000,2016-12-16 00:00:00.0,178.0,C,CBOE,A,32.0,31.27,,,,31.635,0,123,178.6,99935232,
2014-09-08 00:00:00.0,SPY   161216C00179000,2016-12-16 00:00:00.0,179.0,C,CBOE,A,31.34,30.59,,,,30.965,0,252,178.6,99935230,
2014-09-09 00:00:00.0,SPY   161216C00178000,2016-12-16 00:00:00.0,178.0,C,CBOE,A,31.73,30.53,31.5,31.5,31.5,31.130001,20,123,178.6,99935232,
2014-09-09 00:00:00.0,SPY   161216C00179000,2016-12-16 00:00:00.0,179.0,C,CBOE,A,31.06,29.85,,,,30.455,0,252,178.6,99935230,
2014-09-10 00:00:00.0,SPY   161216C00178000,2016-12-16 00:00:00.0,178.0,C,CBOE,A,31.86,31.0,,,,31.43,0,123,178.6,99935232,
2014-09-10 00:00:00.0,SPY   161216C00179000,2016-12-16 00:00:00.0,179.0,C,CBOE,A,31.03,30.32,,,,30.675,0,252,178.6,99935230,
2014-09-11 00:00:00.0,SPY   161216C00178000,2016-12-16 00:00:00.0,178.0,C,CBOE,A,31.8,31.13,,,,31.465,0,123,178.6,99935232,
2014-09-11 00:00:00.0,SPY   161216C00179000,2016-12-16 00:00:00.0,179.0,C,CBOE,A,31.13,30.45,,,,30.79,0,252,178.6,99935230,
2014-09-12 00:00:00.0,SPY   161216C00178000,2016-12-16 00:00:00.0,178.0,C,CBOE,A,31.5,30.17,,,,30.835,0,123,178.6,99935232,
2014-09-12 00:00:00.0,SPY   161216C00179000,2016-12-16 00:00:00.0,179.0,C,CBOE,A,30.83,29.5,,,,30.165,0,252,178.6,99935230,
2014-09-15 00:00:00.0,SPY   161216C00178000,2016-12-16 00:00:00.0,178.0,C,CBOE,A,31.18,30.31,,,,30.744999,0,123,178.6,99935232,
2014-09-15 00:00:00.0,SPY   161216C00179000,2016-12-16 00:00:00.0,179.0,C,CBOE,A,30.35,29.64,,,,29.994999,0,252,178.6,99935230,
2014-09-16 00:00:00.0,SPY   161216C00178000,2016-12-16 00:00:00.0,178.0,C,CBOE,A,32.11,31.22,,,,31.665,0,123,178.6,99935232,
2014-09-16 00:00:00.0,SPY   161216C00179000,2016-12-16 00:00:00.0,179.0,C,CBOE,A,31.45,30.57,,,,31.01,0,252,178.6,99935230,
2014-09-17 00:00:00.0,SPY   161216C00178000,2016-12-16 00:00:00.0,178.0,C,CBOE,A,32.45,31.09,,,,31.77,0,123,178.6,99935232,
2014-09-17 00:00:00.0,SPY   161216C00179000,2016-12-16 00:00:00.0,179.0,C,CBOE,A,31.78,30.41,,,,31.095001,0,252,178.6,99935230,
2014-09-18 00:00:00.0,SPY   161216C00178000,2016-12-16 00:00:00.0,178.0,C,CBOE,A,33.44,31.63,,,,32.535,0,123,178.6,99935232,
2014-09-18 00:00:00.0,SPY   161216C00179000,2016-12-16 00:00:00.0,179.0,C,CBOE,A,32.76,30.94,,,,31.849998,0,242,178.6,99935230,
2014-09-19 00:00:00.0,SPY   161216C00178000,2016-12-16 00:00:00.0,178.0,C,CBOE,A,33.08,31.9,,,,32.49,0,123,178.6,99935232,
2014-09-19 00:00:00.0,SPY   161216C00179000,2016-12-16 00:00:00.0,179.0,C,CBOE,A,32.39,31.21,,,,31.8,0,242,178.6,99935230,
2014-09-22 00:00:00.0,SPY   161216C00178000,2016-12-16 00:00:00.0,178.0,C,CBOE,A,31.86,30.69,,,,31.275002,0,123,178.6,99935232,
2014-09-22 00:00:00.0,SPY   161216C00179000,2016-12-16 00:00:00.0,179.0,C,CBOE,A,31.19,30.02,,,,30.605,0,242,178.6,99935230,
2014-09-23 00:00:00.0,SPY   161216C00178000,2016-12-16 00:00:00.0,178.0,C,CBOE,A,30.97,29.77,,,,30.369999,0,123,178.6,99935232,
2014-09-23 00:00:00.0,SPY   161216C00179000,2016-12-16 00:00:00.0,179.0,C,CBOE,A,30.31,29.09,,,,29.7,0,242,178.6,99935230,
2014-09-24 00:00:00.0,SPY   161216C00178000,2016-12-16 00:00:00.0,178.0,C,CBOE,A,31.71,30.93,,,,31.32,0,123,178.6,99935232,
2014-09-24 00:00:00.0,SPY   161216C00179000,2016-12-16 00:00:00.0,179.0,C,CBOE,A,31.42,30.26,,,,30.84,0,242,178.6,99935230,
2014-09-25 00:00:00.0,SPY   161216C00178000,2016-12-16 00:00:00.0,178.0,C,CBOE,A,30.18,28.95,,,,29.565,0,123,178.6,99935232,
2014-09-25 00:00:00.0,SPY   161216C00179000,2016-12-16 00:00:00.0,179.0,C,CBOE,A,29.52,28.29,,,,28.905,0,242,178.6,99935230,
2014-09-26 00:00:00.0,SPY   161216C00178000,2016-12-16 00:00:00.0,178.0,C,CBOE,A,31.59,29.99,,,,30.79,0,123,178.6,99935232,
2014-09-26 00:00:00.0,SPY   161216C00179000,2016-12-16 00:00:00.0,179.0,C,CBOE,A,30.93,29.3,,,,30.115,0,242,178.6,99935230,
2014-09-29 00:00:00.0,SPY   161216C00178000,2016-12-16 00:00:00.0,178.0,C,CBOE,A,30.93,29.69,,,,30.310001,0,123,178.6,99935232,
2014-09-29 00:00:00.0,SPY   161216C00179000,2016-12-16 00:00:00.0,179.0,C,CBOE,A,30.32,29.03,,,,29.675,0,242,178.6,99935230,
2014-09-30 00:00:00.0,SPY   161216C00178000,2016-12-16 00:00:00.0,178.0,C,CBOE,A,30.66,29.32,,,,29.99,0,123,178.6,99935232,
2014-09-30 00:00:00.0,SPY   161216C00179000,2016-12-16 00:00:00.0,179.0,C,CBOE,A,30.0,28.65,,,,29.325,0,242,178.6,99935230,
2014-10-01 00:00:00.0,SPY   161216C00178000,2016-12-16 00:00:00.0,178.0,C,CBOE,A,28.94,27.74,,,,28.34,0,123,178.6,99935232,
2014-10-01 00:00:00.0,SPY   161216C00179000,2016-12-16 00:00:00.0,179.0,C,CBOE,A,28.34,27.1,,,,27.720001,0,242,178.6,99935230,
2014-10-02 00:00:00.0,SPY   161216C00178000,2016-12-16 00:00:00.0,178.0,C,CBOE,A,28.91,27.55,,,,28.23,0,123,178.6,99935232,
2014-10-02 00:00:00.0,SPY   161216C00179000,2016-12-16 00:00:00.0,179.0,C,CBOE,A,28.26,26.91,,,,27.585,0,242,178.6,99935230,
2014-10-03 00:00:00.0,SPY   161216C00178000,2016-12-16 00:00:00.0,178.0,C,CBOE,A,31.33,27.0,,,,29.165,0,123,178.6,99935232,
2014-10-03 00:00:00.0,SPY   161216C00179000,2016-12-16 00:00:00.0,179.0,C,CBOE,A,30.72,26.5,,,,28.61,0,242,178.6,99935230,
2014-10-06 00:00:00.0,SPY   161216C00178000,2016-12-16 00:00:00.0,178.0,C,CBOE,A,29.82,28.49,,,,29.154999,0,123,178.6,99935232,
2014-10-06 00:00:00.0,SPY   161216C00179000,2016-12-16 00:00:00.0,179.0,C,CBOE,A,29.17,27.83,,,,28.5,0,242,178.6,99935230,
2014-10-07 00:00:00.0,SPY   161216C00178000,2016-12-16 00:00:00.0,178.0,C,CBOE,A,29.5,25.0,,,,27.25,0,123,178.6,99935232,
2014-10-07 00:00:00.0,SPY   161216C00179000,2016-12-16 00:00:00.0,179.0,C,CBOE,A,29.0,24.09,,,,26.545,0,242,178.6,99935230,
2014-10-08 00:00:00.0,SPY   161216C00178000,2016-12-16 00:00:00.0,178.0,C,CBOE,A,30.07,28.61,,,,29.34,0,123,178.6,99935232,
2014-10-08 00:00:00.0,SPY   161216C00179000,2016-12-16 00:00:00.0,179.0,C,CBOE,A,29.41,27.95,,,,28.68,0,242,178.6,99935230,
2014-10-09 00:00:00.0,SPY   161216C00178000,2016-12-16 00:00:00.0,178.0,C,CBOE,A,29.5,24.8,,,,27.15,0,123,178.6,99935232,
2014-10-09 00:00:00.0,SPY   161216C00179000,2016-12-16 00:00:00.0,179.0,C,CBOE,A,28.79,24.2,,,,26.495,0,242,178.6,99935230,
2014-10-10 00:00:00.0,SPY   161216C00178000,2016-12-16 00:00:00.0,178.0,C,CBOE,A,28.0,23.35,,,,25.675,0,123,178.6,99935232,
2014-10-10 00:00:00.0,SPY   161216C00179000,2016-12-16 00:00:00.0,179.0,C,CBOE,A,27.33,22.84,,,,25.085,0,242,178.6,99935230,
2014-10-13 00:00:00.0,SPY   161216C00178000,2016-12-16 00:00:00.0,178.0,C,CBOE,A,25.27,22.95,,,,24.11,0,123,178.6,99935232,
2014-10-13 00:00:00.0,SPY   161216C00179000,2016-12-16 00:00:00.0,179.0,C,CBOE,A,24.67,22.37,,,,23.52,0,242,178.6,99935230,
2014-10-14 00:00:00.0,SPY   161216C00178000,2016-12-16 00:00:00.0,178.0,C,CBOE,A,25.2,23.24,24.0,24.0,24.0,24.220001,8,123,178.6,99935232,
2014-10-14 00:00:00.0,SPY   161216C00179000,2016-12-16 00:00:00.0,179.0,C,CBOE,A,24.61,22.62,23.5,23.5,23.5,23.615002,8,242,178.6,99935230,
2014-10-15 00:00:00.0,SPY   161216C00178000,2016-12-16 00:00:00.0,178.0,C,CBOE,A,23.69,21.72,,,,22.705,0,131,178.6,99935232,
2014-10-15 00:00:00.0,SPY   161216C00179000,2016-12-16 00:00:00.0,179.0,C,CBOE,A,23.13,21.15,21.32,21.32,21.32,22.14,1,250,178.6,99935230,
2014-10-16 00:00:00.0,SPY   161216C00178000,2016-12-16 00:00:00.0,178.0,C,CBOE,A,23.54,21.15,,,,22.345001,0,131,178.6,99935232,
2014-10-16 00:00:00.0,SPY   161216C00179000,2016-12-16 00:00:00.0,179.0,C,CBOE,A,22.89,20.58,,,,21.735,0,251,178.6,99935230,
2014-10-17 00:00:00.0,SPY   161216C00178000,2016-12-16 00:00:00.0,178.0,C,CBOE,A,26.27,22.0,,,,24.135,0,131,178.6,99935232,
2014-10-17 00:00:00.0,SPY   161216C00179000,2016-12-16 00:00:00.0,179.0,C,CBOE,A,25.73,20.85,,,,23.29,0,251,178.6,99935230,
2014-10-20 00:00:00.0,SPY   161216C00178000,2016-12-16 00:00:00.0,178.0,C,CBOE,A,25.13,24.22,,,,24.675,0,131,178.6,99935232,
2014-10-20 00:00:00.0,SPY   161216C00179000,2016-12-16 00:00:00.0,179.0,C,CBOE,A,24.5,23.61,,,,24.055,0,251,178.6,99935230,
2014-10-21 00:00:00.0,SPY   161216C00178000,2016-12-16 00:00:00.0,178.0,C,CBOE,A,28.23,26.12,,,,27.175,0,131,178.6,99935232,
2014-10-21 00:00:00.0,SPY   161216C00179000,2016-12-16 00:00:00.0,179.0,C,CBOE,A,27.58,25.48,,,,26.529999,0,251,178.6,99935230,
2014-10-22 00:00:00.0,SPY   161216C00178000,2016-12-16 00:00:00.0,178.0,C,CBOE,A,27.35,26.22,,,,26.785,0,131,178.6,99935232,
2014-10-22 00:00:00.0,SPY   161216C00179000,2016-12-16 00:00:00.0,179.0,C,CBOE,A,26.75,25.59,,,,26.17,0,251,178.6,99935230,
2014-10-23 00:00:00.0,SPY   161216C00178000,2016-12-16 00:00:00.0,178.0,C,CBOE,A,28.86,27.04,,,,27.95,0,131,178.6,99935232,
2014-10-23 00:00:00.0,SPY   161216C00179000,2016-12-16 00:00:00.0,179.0,C,CBOE,A,28.2,26.39,,,,27.295,0,251,178.6,99935230,
2014-10-24 00:00:00.0,SPY   161216C00178000,2016-12-16 00:00:00.0,178.0,C,CBOE,A,29.56,27.95,,,,28.755001,0,131,178.6,99935232,
2014-10-24 00:00:00.0,SPY   161216C00179000,2016-12-16 00:00:00.0,179.0,C,CBOE,A,28.9,27.28,,,,28.09,0,251,178.6,99935230,
2014-10-27 00:00:00.0,SPY   161216C00178000,2016-12-16 00:00:00.0,178.0,C,CBOE,A,29.21,27.81,,,,28.509998,0,131,178.6,99935232,
2014-10-27 00:00:00.0,SPY   161216C00179000,2016-12-16 00:00:00.0,179.0,C,CBOE,A,28.56,27.4,,,,27.98,0,251,178.6,99935230,
2014-10-28 00:00:00.0,SPY   161216C00178000,2016-12-16 00:00:00.0,178.0,C,CBOE,A,30.59,29.15,,,,29.869999,0,131,178.6,99935232,
2014-10-28 00:00:00.0,SPY   161216C00179000,2016-12-16 00:00:00.0,179.0,C,CBOE,A,29.92,28.47,,,,29.195,0,251,178.6,99935230,
2014-10-29 00:00:00.0,SPY   161216C00178000,2016-12-16 00:00:00.0,178.0,C,CBOE,A,30.57,29.24,29.45,29.45,29.45,29.904999,4,131,178.6,99935232,
2014-10-29 00:00:00.0,SPY   161216C00179000,2016-12-16 00:00:00.0,179.0,C,CBOE,A,29.9,28.79,,,,29.345001,0,251,178.6,99935230,
2014-10-30 00:00:00.0,SPY   161216C00178000,2016-12-16 00:00:00.0,178.0,C,CBOE,A,31.58,30.25,,,,30.915,0,131,178.6,99935232,
2014-10-30 00:00:00.0,SPY   161216C00179000,2016-12-16 00:00:00.0,179.0,C,CBOE,A,30.9,29.57,,,,30.235,0,251,178.6,99935230,
2014-10-31 00:00:00.0,SPY   161216C00178000,2016-12-16 00:00:00.0,178.0,C,CBOE,A,33.47,31.79,32.41,32.41,32.4,32.63,2,131,178.6,99935232,
2014-10-31 00:00:00.0,SPY   161216C00179000,2016-12-16 00:00:00.0,179.0,C,CBOE,A,32.76,31.1,,,,31.93,0,251,178.6,99935230,
2014-11-03 00:00:00.0,SPY   161216C00178000,2016-12-16 00:00:00.0,178.0,C,CBOE,A,33.35,32.18,,,,32.765,0,131,178.6,99935232,
2014-11-03 00:00:00.0,SPY   161216C00179000,2016-12-16 00:00:00.0,179.0,C,CBOE,A,32.66,31.48,,,,32.07,0,251,178.6,99935230,
2014-11-04 00:00:00.0,SPY   161216C00178000,2016-12-16 00:00:00.0,178.0,C,CBOE,A,33.06,31.64,32.37,32.37,32.37,32.35,500,131,178.6,99935232,
2014-11-04 00:00:00.0,SPY   161216C00179000,2016-12-16 00:00:00.0,179.0,C,CBOE,A,32.37,30.95,,,,31.66,0,251,178.6,99935230,
2014-11-05 00:00:00.0,SPY   161216C00178000,2016-12-16 00:00:00.0,178.0,C,CBOE,A,33.99,32.67,,,,33.33,0,593,178.6,99935232,
2014-11-05 00:00:00.0,SPY   161216C00179000,2016-12-16 00:00:00.0,179.0,C,CBOE,A,33.4,31.98,,,,32.690002,0,251,178.6,99935230,
2014-11-06 00:00:00.0,SPY   161216C00178000,2016-12-16 00:00:00.0,178.0,C,CBOE,A,34.64,33.21,,,,33.925,0,593,178.6,99935232,
2014-11-06 00:00:00.0,SPY   161216C00179000,2016-12-16 00:00:00.0,179.0,C,CBOE,A,34.08,32.39,33.0,33.0,33.0,33.235,1,251,178.6,99935230,
2014-11-07 00:00:00.0,SPY   161216C00178000,2016-12-16 00:00:00.0,178.0,C,CBOE,A,34.2,32.9,,,,33.550003,0,593,178.6,99935232,
2014-11-07 00:00:00.0,SPY   161216C00179000,2016-12-16 00:00:00.0,179.0,C,CBOE,A,33.5,32.18,,,,32.84,0,251,178.6,99935230,
2014-11-10 00:00:00.0,SPY   161216C00178000,2016-12-16 00:00:00.0,178.0,C,CBOE,A,34.69,33.46,,,,34.074997,0,593,178.6,99935232,
2014-11-10 00:00:00.0,SPY   161216C00179000,2016-12-16 00:00:00.0,179.0,C,CBOE,A,33.86,32.74,,,,33.300003,0,251,178.6,99935230,
2014-11-11 00:00:00.0,SPY   161216C00178000,2016-12-16 00:00:00.0,178.0,C,CBOE,A,34.8,33.4,,,,34.1,0,593,178.6,99935232,
2014-11-11 00:00:00.0,SPY   161216C00179000,2016-12-16 00:00:00.0,179.0,C,CBOE,A,34.08,32.69,,,,33.385002,0,251,178.6,99935230,
2014-11-12 00:00:00.0,SPY   161216C00178000,2016-12-16 00:00:00.0,178.0,C,CBOE,A,34.52,33.58,,,,34.050003,0,593,178.6,99935232,
2014-11-12 00:00:00.0,SPY   161216C00179000,2016-12-16 00:00:00.0,179.0,C,CBOE,A,33.88,32.87,,,,33.375,0,251,178.6,99935230,
2014-11-13 00:00:00.0,SPY   161216C00178000,2016-12-16 00:00:00.0,178.0,C,CBOE,A,34.74,33.66,34.0,34.0,34.0,34.2,8,593,178.6,99935232,
2014-11-13 00:00:00.0,SPY   161216C00179000,2016-12-16 00:00:00.0,179.0,C,CBOE,A,34.03,32.95,33.2,33.2,33.2,33.489998,8,251,178.6,99935230,
2014-11-14 00:00:00.0,SPY   161216C00178000,2016-12-16 00:00:00.0,178.0,C,CBOE,A,34.62,33.82,,,,34.22,0,585,178.6,99935232,
2014-11-14 00:00:00.0,SPY   161216C00179000,2016-12-16 00:00:00.0,179.0,C,CBOE,A,33.9,33.11,,,,33.505,0,251,178.6,99935230,
2014-11-17 00:00:00.0,SPY   161216C00178000,2016-12-16 00:00:00.0,178.0,C,CBOE,A,34.91,33.78,,,,34.345,0,585,178.6,99935232,
2014-11-17 00:00:00.0,SPY   161216C00179000,2016-12-16 00:00:00.0,179.0,C,CBOE,A,34.13,33.05,,,,33.59,0,251,178.6,99935230,
2014-11-18 00:00:00.0,SPY   161216C00178000,2016-12-16 00:00:00.0,178.0,C,CBOE,A,35.9,34.45,,,,35.175003,0,585,178.6,99935232,
2014-11-18 00:00:00.0,SPY   161216C00179000,2016-12-16 00:00:00.0,179.0,C,CBOE,A,35.09,33.74,,,,34.415,0,251,178.6,99935230,
2014-11-19 00:00:00.0,SPY   161216C00178000,2016-12-16 00:00:00.0,178.0,C,CBOE,A,35.66,34.41,,,,35.035,0,585,178.6,99935232,
2014-11-19 00:00:00.0,SPY   161216C00179000,2016-12-16 00:00:00.0,179.0,C,CBOE,A,34.65,33.74,,,,34.195,0,251,178.6,99935230,
2014-11-20 00:00:00.0,SPY   161216C00178000,2016-12-16 00:00:00.0,178.0,C,CBOE,A,36.18,34.75,,,,35.465,0,585,178.6,99935232,
2014-11-20 00:00:00.0,SPY   161216C00179000,2016-12-16 00:00:00.0,179.0,C,CBOE,A,35.43,34.02,,,,34.725,0,251,178.6,99935230,
2014-11-21 00:00:00.0,SPY   161216C00178000,2016-12-16 00:00:00.0,178.0,C,CBOE,A,36.73,35.6,,,,36.165,0,585,178.6,99935232,
2014-11-21 00:00:00.0,SPY   161216C00179000,2016-12-16 00:00:00.0,179.0,C,CBOE,A,36.01,34.87,,,,35.44,0,251,178.6,99935230,
2014-11-24 00:00:00.0,SPY   161216C00178000,2016-12-16 00:00:00.0,178.0,C,CBOE,A,37.06,36.06,,,,36.56,0,585,178.6,99935232,
2014-11-24 00:00:00.0,SPY   161216C00179000,2016-12-16 00:00:00.0,179.0,C,CBOE,A,36.32,35.32,,,,35.82,0,251,178.6,99935230,
2014-11-25 00:00:00.0,SPY   161216C00178000,2016-12-16 00:00:00.0,178.0,C,CBOE,A,37.04,36.11,,,,36.575,0,585,178.6,99935232,
2014-11-25 00:00:00.0,SPY   161216C00179000,2016-12-16 00:00:00.0,179.0,C,CBOE,A,36.3,35.37,,,,35.835,0,251,178.6,99935230,
2014-11-26 00:00:00.0,SPY   161216C00178000,2016-12-16 00:00:00.0,178.0,C,CBOE,A,37.76,36.48,,,,37.12,0,585,178.6,99935232,
2014-11-26 00:00:00.0,SPY   161216C00179000,2016-12-16 00:00:00.0,179.0,C,CBOE,A,37.03,35.75,,,,36.39,0,251,178.6,99935230,
2014-11-28 00:00:00.0,SPY   161216C00178000,2016-12-16 00:00:00.0,178.0,C,CBOE,A,38.05,35.59,,,,36.82,0,585,178.6,99935232,
2014-11-28 00:00:00.0,SPY   161216C00179000,2016-12-16 00:00:00.0,179.0,C,CBOE,A,37.33,34.85,,,,36.09,0,251,178.6,99935230,
2014-12-01 00:00:00.0,SPY   161216C00178000,2016-12-16 00:00:00.0,178.0,C,CBOE,A,36.19,34.87,,,,35.53,0,585,178.6,99935232,
2014-12-01 00:00:00.0,SPY   161216C00179000,2016-12-16 00:00:00.0,179.0,C,CBOE,A,35.48,34.15,,,,34.815002,0,251,178.6,99935230,
2014-12-02 00:00:00.0,SPY   161216C00178000,2016-12-16 00:00:00.0,178.0,C,CBOE,A,37.01,36.02,,,,36.515,0,585,178.6,99935232,
2014-12-02 00:00:00.0,SPY   161216C00179000,2016-12-16 00:00:00.0,179.0,C,CBOE,A,36.45,35.29,,,,35.870003,0,251,178.6,99935230,
2014-12-03 00:00:00.0,SPY   161216C00178000,2016-12-16 00:00:00.0,178.0,C,CBOE,A,37.64,36.42,,,,37.03,0,585,178.6,99935232,
2014-12-03 00:00:00.0,SPY   161216C00179000,2016-12-16 00:00:00.0,179.0,C,CBOE,A,36.95,35.68,,,,36.315002,0,251,178.6,99935230,
2014-12-04 00:00:00.0,SPY   161216C00178000,2016-12-16 00:00:00.0,178.0,C,CBOE,A,37.51,36.33,,,,36.92,0,585,178.6,99935232,
2014-12-04 00:00:00.0,SPY   161216C00179000,2016-12-16 00:00:00.0,179.0,C,CBOE,A,36.78,35.59,36.05,36.05,36.05,36.184998,1,251,178.6,99935230,
2014-12-05 00:00:00.0,SPY   161216C00178000,2016-12-16 00:00:00.0,178.0,C,CBOE,A,38.13,36.82,,,,37.475,0,585,178.6,99935232,
2014-12-05 00:00:00.0,SPY   161216C00179000,2016-12-16 00:00:00.0,179.0,C,CBOE,A,37.4,36.08,,,,36.74,0,251,178.6,99935230,
2014-12-08 00:00:00.0,SPY   161216C00178000,2016-12-16 00:00:00.0,178.0,C,CBOE,A,36.86,35.96,,,,36.41,0,585,178.6,99935232,
2014-12-08 00:00:00.0,SPY   161216C00179000,2016-12-16 00:00:00.0,179.0,C,CBOE,A,36.14,35.24,,,,35.690002,0,251,178.6,99935230,
2014-12-09 00:00:00.0,SPY   161216C00178000,2016-12-16 00:00:00.0,178.0,C,CBOE,A,37.9,34.0,,,,35.95,0,585,178.6,99935232,
2014-12-09 00:00:00.0,SPY   161216C00179000,2016-12-16 00:00:00.0,179.0,C,CBOE,A,37.77,33.01,,,,35.39,0,251,178.6,99935230,
2014-12-10 00:00:00.0,SPY   161216C00178000,2016-12-16 00:00:00.0,178.0,C,CBOE,A,35.27,33.68,,,,34.475,0,585,178.6,99935232,
2014-12-10 00:00:00.0,SPY   161216C00179000,2016-12-16 00:00:00.0,179.0,C,CBOE,A,34.53,32.97,,,,33.75,0,251,178.6,99935230,
2014-12-11 00:00:00.0,SPY   161216C00178000,2016-12-16 00:00:00.0,178.0,C,CBOE,A,37.47,33.43,,,,35.45,0,585,178.6,99935232,
2014-12-11 00:00:00.0,SPY   161216C00179000,2016-12-16 00:00:00.0,179.0,C,CBOE,A,36.79,32.15,,,,34.47,0,251,178.6,99935230,
2014-12-12 00:00:00.0,SPY   161216C00178000,2016-12-16 00:00:00.0,178.0,C,CBOE,A,35.25,30.85,,,,33.05,0,585,178.6,99935232,
2014-12-12 00:00:00.0,SPY   161216C00179000,2016-12-16 00:00:00.0,179.0,C,CBOE,A,34.5,30.0,,,,32.25,0,251,178.6,99935230,
2014-12-15 00:00:00.0,SPY   161216C00178000,2016-12-16 00:00:00.0,178.0,C,CBOE,A,33.47,30.45,,,,31.960001,0,585,178.6,99935232,
2014-12-15 00:00:00.0,SPY   161216C00179000,2016-12-16 00:00:00.0,179.0,C,CBOE,A,32.8,29.77,,,,31.285,0,251,178.6,99935230,
2014-12-16 00:00:00.0,SPY   161216C00178000,2016-12-16 00:00:00.0,178.0,C,CBOE,A,32.35,30.0,,,,31.175,0,585,178.6,99935232,
2014-12-16 00:00:00.0,SPY   161216C00179000,2016-12-16 00:00:00.0,179.0,C,CBOE,A,31.7,29.33,,,,30.515,0,251,178.6,99935230,
2014-12-17 00:00:00.0,SPY   161216C00178000,2016-12-16 00:00:00.0,178.0,C,CBOE,A,34.6,32.17,,,,33.385,0,585,178.6,99935232,
2014-12-17 00:00:00.0,SPY   161216C00179000,2016-12-16 00:00:00.0,179.0,C,CBOE,A,33.92,31.46,,,,32.69,0,251,178.6,99935230,
2014-12-18 00:00:00.0,SPY   161216C00178000,2016-12-16 00:00:00.0,178.0,C,CBOE,A,38.8,35.98,,,,37.39,0,585,178.6,99935232,
2014-12-18 00:00:00.0,SPY   161216C00179000,2016-12-16 00:00:00.0,179.0,C,CBOE,A,38.52,35.26,,,,36.89,0,251,178.6,99935230,
2014-12-19 00:00:00.0,SPY   161216C00178000,2016-12-16 00:00:00.0,178.0,C,CBOE,A,39.11,36.36,,,,37.735,0,585,178.6,99935232,
2014-12-19 00:00:00.0,SPY   161216C00179000,2016-12-16 00:00:00.0,179.0,C,CBOE,A,38.4,35.64,,,,37.02,0,251,178.6,99935230,
2014-12-22 00:00:00.0,SPY   161216C00178000,2016-12-16 00:00:00.0,178.0,C,CBOE,A,39.06,36.76,,,,37.91,0,585,178.6,99935232,
2014-12-22 00:00:00.0,SPY   161216C00179000,2016-12-16 00:00:00.0,179.0,C,CBOE,A,38.3,36.04,,,,37.17,0,251,178.6,99935230,
2014-12-23 00:00:00.0,SPY   161216C00178000,2016-12-16 00:00:00.0,178.0,C,CBOE,A,39.42,37.75,,,,38.585,0,585,178.6,99935232,
2014-12-23 00:00:00.0,SPY   161216C00179000,2016-12-16 00:00:00.0,179.0,C,CBOE,A,38.71,37.02,,,,37.864998,0,251,178.6,99935230,
2014-12-24 00:00:00.0,SPY   161216C00178000,2016-12-16 00:00:00.0,178.0,C,CBOE,A,41.0,36.17,,,,38.585,0,585,178.6,99935232,
2014-12-24 00:00:00.0,SPY   161216C00179000,2016-12-16 00:00:00.0,179.0,C,CBOE,A,40.0,35.5,,,,37.75,0,251,178.6,99935230,
2014-12-26 00:00:00.0,SPY   161216C00178000,2016-12-16 00:00:00.0,178.0,C,CBOE,A,39.6,37.59,,,,38.595,0,585,178.6,99935232,
2014-12-26 00:00:00.0,SPY   161216C00179000,2016-12-16 00:00:00.0,179.0,C,CBOE,A,38.86,36.85,,,,37.855,0,251,178.6,99935230,
2014-12-29 00:00:00.0,SPY   161216C00178000,2016-12-16 00:00:00.0,178.0,C,CBOE,A,39.67,38.04,,,,38.855,0,585,178.6,99935232,
2014-12-29 00:00:00.0,SPY   161216C00179000,2016-12-16 00:00:00.0,179.0,C,CBOE,A,38.96,37.28,,,,38.12,0,251,178.6,99935230,
2014-12-30 00:00:00.0,SPY   161216C00178000,2016-12-16 00:00:00.0,178.0,C,CBOE,A,39.0,37.77,,,,38.385002,0,585,178.6,99935232,
2014-12-30 00:00:00.0,SPY   161216C00179000,2016-12-16 00:00:00.0,179.0,C,CBOE,A,38.27,36.94,,,,37.605,0,251,178.6,99935230,
2014-12-31 00:00:00.0,SPY   161216C00178000,2016-12-16 00:00:00.0,178.0,C,CBOE,A,37.35,36.34,,,,36.845,0,585,178.6,99935232,
2014-12-31 00:00:00.0,SPY   161216C00179000,2016-12-16 00:00:00.0,179.0,C,CBOE,A,36.63,35.65,,,,36.14,0,251,178.6,99935230,
2015-01-02 00:00:00.0,SPY   161216C00178000,2016-12-16 00:00:00.0,178.0,C,CBOE,A,37.16,35.17,,,,36.165,0,585,178.6,99935232,
2015-01-02 00:00:00.0,SPY   161216C00179000,2016-12-16 00:00:00.0,179.0,C,CBOE,A,36.45,34.45,,,,35.45,0,251,178.6,99935230,
2015-01-05 00:00:00.0,SPY   161216C00178000,2016-12-16 00:00:00.0,178.0,C,CBOE,A,35.11,33.62,34.91,34.91,34.44,34.364998,19,585,178.6,99935232,
2015-01-05 00:00:00.0,SPY   161216C00179000,2016-12-16 00:00:00.0,179.0,C,CBOE,A,34.42,32.9,,,,33.66,0,251,178.6,99935230,
2015-01-06 00:00:00.0,SPY   161216C00178000,2016-12-16 00:00:00.0,178.0,C,CBOE,A,33.65,32.15,,,,32.9,0,575,178.6,99935232,
2015-01-06 00:00:00.0,SPY   161216C00179000,2016-12-16 00:00:00.0,179.0,C,CBOE,A,32.97,31.47,,,,32.22,0,251,178.6,99935230,
2015-01-07 00:00:00.0,SPY   161216C00178000,2016-12-16 00:00:00.0,178.0,C,CBOE,A,35.37,33.74,,,,34.555,0,575,178.6,99935232,
2015-01-07 00:00:00.0,SPY   161216C00179000,2016-12-16 00:00:00.0,179.0,C,CBOE,A,34.68,33.05,33.23,33.23,33.23,33.864998,1,251,178.6,99935230,
2015-01-08 00:00:00.0,SPY   161216C00178000,2016-12-16 00:00:00.0,178.0,C,CBOE,A,37.47,36.44,,,,36.955,0,575,178.6,99935232,
2015-01-08 00:00:00.0,SPY   161216C00179000,2016-12-16 00:00:00.0,179.0,C,CBOE,A,36.76,35.73,,,,36.245,0,251,178.6,99935230,
2015-01-09 00:00:00.0,SPY   161216C00178000,2016-12-16 00:00:00.0,178.0,C,CBOE,A,36.4,34.7,,,,35.550003,0,575,178.6,99935232,
2015-01-09 00:00:00.0,SPY   161216C00179000,2016-12-16 00:00:00.0,179.0,C,CBOE,A,35.68,33.99,,,,34.835,0,251,178.6,99935230,
2015-01-12 00:00:00.0,SPY   161216C00178000,2016-12-16 00:00:00.0,178.0,C,CBOE,A,35.31,33.98,,,,34.645,0,575,178.6,99935232,
2015-01-12 00:00:00.0,SPY   161216C00179000,2016-12-16 00:00:00.0,179.0,C,CBOE,A,34.54,33.27,,,,33.905,0,251,178.6,99935230,
2015-01-13 00:00:00.0,SPY   161216C00178000,2016-12-16 00:00:00.0,178.0,C,CBOE,A,35.18,33.55,,,,34.364998,0,575,178.6,99935232,
2015-01-13 00:00:00.0,SPY   161216C00179000,2016-12-16 00:00:00.0,179.0,C,CBOE,A,34.54,32.84,,,,33.690002,0,251,178.6,99935230,
2015-01-14 00:00:00.0,SPY   161216C00178000,2016-12-16 00:00:00.0,178.0,C,CBOE,A,34.36,32.42,,,,33.39,0,575,178.6,99935232,
2015-01-14 00:00:00.0,SPY   161216C00179000,2016-12-16 00:00:00.0,179.0,C,CBOE,A,33.7,31.73,,,,32.715,0,251,178.6,99935230,
2015-01-15 00:00:00.0,SPY   161216C00178000,2016-12-16 00:00:00.0,178.0,C,CBOE,A,32.89,31.24,,,,32.065,0,575,178.6,99935232,
2015-01-15 00:00:00.0,SPY   161216C00179000,2016-12-16 00:00:00.0,179.0,C,CBOE,A,32.21,30.55,,,,31.38,0,251,178.6,99935230,
2015-01-16 00:00:00.0,SPY   161216C00178000,2016-12-16 00:00:00.0,178.0,C,CBOE,A,34.65,32.64,,,,33.645,0,575,178.6,99935232,
2015-01-16 00:00:00.0,SPY   161216C00179000,2016-12-16 00:00:00.0,179.0,C,CBOE,A,34.05,31.93,,,,32.989998,0,251,178.6,99935230,
2015-01-20 00:00:00.0,SPY   161216C00178000,2016-12-16 00:00:00.0,178.0,C,CBOE,A,34.42,33.22,,,,33.82,0,575,178.6,99935232,
2015-01-20 00:00:00.0,SPY   161216C00179000,2016-12-16 00:00:00.0,179.0,C,CBOE,A,33.73,32.51,,,,33.12,0,251,178.6,99935230,
2015-01-21 00:00:00.0,SPY   161216C00178000,2016-12-16 00:00:00.0,178.0,C,CBOE,A,35.17,33.57,,,,34.37,0,575,178.6,99935232,
2015-01-21 00:00:00.0,SPY   161216C00179000,2016-12-16 00:00:00.0,179.0,C,CBOE,A,34.46,32.86,,,,33.66,0,251,178.6,99935230,
2015-01-22 00:00:00.0,SPY   161216C00178000,2016-12-16 00:00:00.0,178.0,C,CBOE,A,37.2,35.58,,,,36.39,0,575,178.6,99935232,
2015-01-22 00:00:00.0,SPY   161216C00179000,2016-12-16 00:00:00.0,179.0,C,CBOE,A,36.45,34.85,,,,35.65,0,251,178.6,99935230,
2015-01-23 00:00:00.0,SPY   161216C00178000,2016-12-16 00:00:00.0,178.0,C,CBOE,A,36.3,35.02,,,,35.66,0,575,178.6,99935232,
2015-01-23 00:00:00.0,SPY   161216C00179000,2016-12-16 00:00:00.0,179.0,C,CBOE,A,35.58,34.31,,,,34.945,0,251,178.6,99935230,
